Workbook
Name NativeTimeline_Lead_Date_Final1: #N/A
Name Slicer_Assigned_Agent: #N/A
Name Slicer_City_Final: #N/A
Name Slicer_Company_Segment: #N/A
Name Slicer_Lead_Quarter: #N/A
Name Slicer_Lead_Year: #N/A
Name Slicer_Status_Clean: #N/A

Sheet Dashboard
A1: Operational Performance & Lead Conversion Dashboard Period: Jan 2023–Dec 2024 | Tool: Microsoft Excel Only | P1: Non-Interactive Charts Overview Note: These charts present static data and do not filter with slicer selections.
L3: Metric Benchmarks
A4: Total Leads | C4: Engagement Rate | E4: Conversion Rate | G4: Avg Response Time | I4: Total Target Sales | L4: Metric | M4: Good | N4: Warning | O4: Poor
A5: =Dashboard_Calcs!B2 -> 2550 | C5: =Dashboard_Calcs!B4 -> 0.62901961 | E5: =Dashboard_Calcs!B5 -> 0.14980392 | G5: =Dashboard_Calcs!B6 -> 36 hrs | I5: =Dashboard_Calcs!B9 -> $7,600,859 | L5: Engagement Rate | M5: >=60% | N5: 50%–59.9% | O5: <50%
A6: Cleaned deduplicated leads | C6: Target: ≥60% | E6: Track only | G6: Lower is better | I6: Potential sales value | L6: Avg Response Time | M6: <=6 hrs | N6: >6 to 24 hrs | O6: >24 hrs
A7: =Dashboard_Calcs!C29 -> OK | C7: =Dashboard_Calcs!C30 -> GOOD | E7: =Dashboard_Calcs!C31 -> TRACK | G7: =Dashboard_Calcs!C32 -> POOR | I7: =Dashboard_Calcs!C33 -> OK | L7: Conversion Rate | M7: Compare to dataset average or prior month

Sheet Insight Log
A1: Log | B1: Observation | C1: Source | D1: Insight | E1: Action
A2: 1 | B2: 65.8% of all leads suffer from delayed response times exceeding 24 hours, driving an average response speed of 36 hours. | C2: The Response Speed | D2: Slow follow-ups are cooling down potential pipeline values. The current speed falls significantly short of standard operational benchmarks (<=6 Hours), leading to heavily dropped engagement or lost momentum right at the beginning of the lead funnel. | E2: Establish a strict 6-hour Service Level Agreement (SLA) for inbound leads, prioritizing high-value sales tiers to protect potential pipeline value.
A3: 2 | B3: High-engagement leads are heavily concentrated within specific corporate categories like Private Manufacturing and Regional Finance. | C3: PT_Segment_Conversion & PT_Engagement_Level | D3: Not all leads require equal effort. Our conversion success points heavily toward specific structural segments. Failing to prioritize these segments wastes limited live agent resources on lower-converting business categories. | E3: Deploy automated lead scoring inside the CRM sheet to automatically route and prioritize high-tier segments (Manufacturing/Finance) to agents immediately upon intake.
A4: 3 | B4: Out of 682 New leads, a massive drop-off occurs during the initial contact phase before reaching Qualified status. | C4: PT_Conversion_Funnel | D4: The sales funnel is leaking heavily right at the beginning. Agents are struggling to successfully engage or qualify newly assigned leads, wasting marketing acquisition efforts. | E4: Conduct a audit on early-stage qualification criteria and scripts to identify why fresh leads are stalling or failing to convert to active opportunities.
A5: 4 | B5: Lead assignments are heavily concentrated on a small team of 4 agents, leading to fluctuating monthly conversion rates. | C5: Profiling & Dashboard_Calcs | D5: Operational performance depends on agent capacity. When lead influx peaks, team burnout or slow response times cause conversion rates to fluctuate wildly. | E5: Implement automated round-robin lead allocation and set capacity caps per agent to ensure consistent follow-up quality.
A6: 5 | B6: Leads with "High" engagement levels consistently carry a higher average target sales value (~RM 3,000+) across lifecycle stages. | C6: Pivot_Analysis (PT_Engagement_Level chart/table). | D6: High engagement is a direct indicator of immediate revenue potential. When client accounts interact frequently, they represent deeper pipeline quality and are worth significantly more financially than cold accounts. | E6: Implement an automated priority scoring rule that automatically flags and flags high-engagement leads directly to senior account executives for immediate nurturing.

Sheet Raw_Data
A1: Lead_ID | B1: Client_Name | C1: Company_Segment | D1: City | E1: Assigned_Agent | F1: Lead_Date | G1: Status | H1: Response_Time | I1: Interaction_Count | J1: Target_Sales
A2: CL-1185 | B2: Client_1185 | C2: a regional Financial Institution | D2: Shah Alam | E2: Agent_A | F2: 45272 | G2: Nw | H2: 40.9h | I2: 18 | J2: 2273.47
A3: CL-2445 | B3: Client_2445 | C3: a private Manufacturing enterprise | D3: Penang | E3: Agent_D | F3: 45574 | G3: QUALIFIED | H3: 2.6 days | I3: 37 | J3: 3979.72
A4: CL-2844 | B4: Client_2844 | C4: a major Telecommunications provider | D4: Seremban | E4: Agent_A | F4: 45465 | G4: Qualified | H4: 54.8 | I4: 10 | J4: 3016.59
A5: CL-2472 | B5: client_2472 | C5: a Government Service provider | D5: Kota Kinabalu | E5: Agent_A | F5: 45330 | G5: Contactd | H5: 68.4 | I5: 9 | J5: 4721.15
A6: CL-1033 | B6: Client_1033 | C6: a regional Financial Institution | D6: Johore Bahru | E6: Agent_D | F6: September 5, 2023 | G6: Nw | H6: 28.6 | I6: 37 | J6: 1573.7
A7: CL-1573 | B7: Client_1573 | C7: a private Manufacturing enterprise | D7: shah alam | E7: Agent_B | F7: June 15, 2023 | G7: New | H7: 26.3 hours | I7: 35 | J7: 2406.82
A8: CL-2966 | B8: client_2966 | C8: a private Manufacturing enterprise | D8: Kuala Lumpur | E8: Agent_D | F8: 45200 | G8: Contacted | H8: 35.0h | I8: 19 | J8: 2829.99
A9: CL-2394 | B9: Client_2394 | C9: a private Manufacturing enterprise | D9: Kota Kinabalu | E9: Agent_C | F9: 44997 | G9: Qualified | H9: 64.6 | I9: 29 | J9: 1795.24
A10: CL-2422 | B10: Client_2422 | C10: a regional Financial Institution | D10: Putrajaya | E10: Agent_C | F10: 45390 | G10: lost | H10: 0.6 days | I10: 18 | J10: 1708.81
A11: CL-1014 | B11: Client_1014 | C11: a Government Service provider | D11: seremban | E11: Agent_A | F11: 11-16-2024 | G11: contacted | H11: 46.4h | I11: 12 | J11: 3502.64
A12: CL-0203 | B12: Client_203 | C12: a private Manufacturing enterprise | D12: petaling jaya | E12: Agent_C | F12: 02-23-2023 | G12: Conctacted | H12: 34 | I12: 1 | J12: 1660.75
A13: CL-2903 | B13: Client_2903 | C13: a leading Utility company | D13: Kuala Lumpur | E13: Agent_D | F13: 07.03.2024 | G13: CONTACTED | H13: 17.5h | I13: 48 | J13: 2399.64
A14: CL-2832 | B14: client_2832 | C14: a leading Utility company | D14: Klang | E14: Agent_C | F14: 45195 | G14: Contacted | H14: 61.1h | I14: 26 | J14: 4663.28
A15: CL-1544 | B15: Client_1544 | C15: a regional Financial Institution | D15: cyberjaya | E15: Agent_A | F15: 45535 | G15: New | H15: 31.5 hours | I15: 33 | J15: 1184.3
A16: CL-0857 | B16: Client_857 | C16: a leading Utility company | D16: Klang | E16: Agent_D | F16: 45465 | G16: lost | H16: 1.4 days | I16: 3 interactions | J16: 3250.2
A17: CL-1537 | B17: Client_1537 | C17: a leading Utility company | D17: Subang Jaya | E17: Agent_A | F17: 45282 | G17: Contacted | H17: 2.4 days | I17: 29 | J17: 4161.12
A18: CL-0749 | B18: Client_749 | C18: a private Manufacturing enterprise | D18: Cyberjya | E18: Agent_C | F18: 05-22-2024 | G18: contacted | H18: 6.2h | I18: 9 | J18: 2663.26
A19: CL-0463 | B19: Client_463 | C19: a leading Utility company | D19: Kuching | E19: Agent_D | F19: 45455 | G19: Qualified | H19: 18.3 | I19: 48 | J19: 3262.22
A20: CL-1743 | B20: Client_1743 | C20: a private Manufacturing enterprise | D20: Peneng | E20: Agent_A | F20: 44938 | G20: Qualified | H20: 40.0 hrs | I20: 11 | J20: 4363.7
A21: CL-0010 | B21: Client_010 | C21: a leading Utility company | D21: Putrajaya | E21: Agent_D | F21: 45419 | G21: Qualifeid | H21: 64.7h | I21: 9 | J21: 3789.54
A22: CL-0162 | B22: Client_162 | C22: a regional Financial Institution | D22: PUTRAJAYA | E22: Agent_D | F22: 45573 | G22: Converted | H22: 51.7h | I22: 7 interactions | J22: 4889.42
A23: CL-0946 | B23: Client_946 | C23: a regional Financial Institution | D23: Kuching | E23: Agent_C | F23: 01-18-2024 | G23: LOST | H23: 0.8 days | I23: 8 | J23: 2034.67
A24: CL-0661 | B24: Client_661 | C24: a private Manufacturing enterprise | D24: Klang | E24: Agent_C | F24: 45127 | G24: new | H24: 48.9 | I24: 26 | J24: 2341.95
A25: CL-0650 | B25: CLIENT_650 | C25: a Government Service provider | D25: Kuching | E25: Agent_D | F25: 10-23-2023 | G25: New | H25: 8.5 hrs | I25: 14 | J25: 1635.16
A26: CL-0822 | B26: CLIENT_822 | C26: a regional Financial Institution | D26: seremban | E26: Agent_C | F26: 02-16-2024 | G26: qualified | H26: 0.7 days | I26: 40 | J26: 1372.23
A27: CL-2251 | B27: Client_2251 | C27: a major Telecommunications provider | D27: Petaling Jaya | E27: Agent_B | F27: June 17, 2023 | G27: NEW | H27: 0.1 days | I27: 35 | J27: 1104.89
A28: CL-1572 | B28: Client_1572 | C28: a leading Utility company | D28: Kota Kinabalu | E28: Agent_A | F28: 09.09.2023 | G28: New | H28: 67 | I28: 43 | J28: 3432.11
A29: CL-2773 | B29: Client_2773 | C29: a private Manufacturing enterprise | D29: Klang | E29: Agent_B | F29: 28.09.2024 | G29: Lost | H29: 2.4 hrs | I29: 17 | J29: 4947.52
A30: CL-2897 | B30: Client_2897 | C30: a regional Financial Institution | D30: Kota Kinabalu | E30: Agent_D | F30: 45146 | G30: Contactd | H30: 23.2 hours | I30: 8 | J30: 3321.74
A31: CL-2867 | B31: Client_2867 | C31: a leading Utility company | D31: SHAH ALAM | E31: Agent_C | F31: 45481 | G31: Conctacted | H31: 2.3 days | I31: 22 | J31: 4178.08
A32: CL-2198 | B32: CLIENT_2198 | C32: a major Telecommunications provider | D32: cyberjaya | E32: Agent_A | F32: 13.10.2024 | G32: Converted | H32: 62.5 | I32: 5 | J32: 3857.12
A33: CL-0752 | B33: Client_752 | C33: a private Manufacturing enterprise | D33: Johore Bahru | E33: Agent_A | F33: 02-16-2023 | G33: Conctacted | H33: 0.9 days | I33: 49 | J33: 3943.41
A34: CL-1840 | B34: Client_1840 | C34: a private Manufacturing enterprise | D34: Peneng | E34: Agent_A | F34: 45179 | G34: Conctacted | H34: 45.9 | I34: 15 | J34: 1886.04
A35: CL-1742 | B35: Client_1742 | C35: a Government Service provider | D35: Alor Setar | E35: Agent_B | F35: 45260 | G35: NEW | H35: 2.9 days | I35: 27 | J35: 2905.85
A36: CL-2549 | B36: Client_2549 | C36: a leading Utility company | D36: Subang Jaya | E36: Agent_C | F36: 45463 | G36: NEW | H36: 1.7 | I36: -3 | J36: 3593.33
A37: CL-2909 | B37: Client_2909 | C37: a private Manufacturing enterprise | D37: Kota Kinabalu | E37: Agent_D | F37: 28.04.2023 | G37: Qualified | H37: 40 | I37: 36 | J37: 2647.98
A38: CL-1039 | B38: Client_1039 | C38: a regional Financial Institution | D38: Alor Setar | E38: Agent_B | F38: 45082 | G38: New | H38: 64.5 | I38: N/A | J38: 2595.93
A39: CL-2176 | B39: Client_2176 | C39: a Government Service provider | D39: Kuala Lumpr | E39: Agent_A | F39: 45106 | G39: Lost | H39: 41 | I39: 23 | J39: 4417.33
A40: CL-0820 | B40: Client_820 | C40: a leading Utility company | D40: Subang Jaya | E40: Agent_C | F40: 08.04.2023 | G40: Qualified | H40: 70.2 | I40: 45 | J40: 1643.88
A41: CL-1246 | B41: Client_1246 | C41: a Government Service provider | D41: Klang | E41: Agent_A | F41: 45026 | G41: Nw | H41: 23.7 | I41: 47 | J41: 4231.07
A42: CL-1595 | B42: Client_1595 | C42: a regional Financial Institution | D42: Shah Alam | E42: Agent_A | F42: 11.09.2024 | G42: New | H42: 29.5 hrs | I42: 45 | J42: 3866.84
A43: CL-2733 | B43: Client_2733 | C43: a leading Utility company | D43: Sha Alam | E43: Agent_D | F43: 13.08.2024 | G43: CONVERTED | H43: 1.8 days | I43: 21 | J43: 3514.27
A44: CL-1068 | B44: Client_1068 | C44: a Government Service provider | D44: Malaka | E44: Agent_A | F44: 45447 | G44: New | H44: 26.9 | I44: 47 | J44: 1625.1
A45: CL-2705 | B45: Client_2705 | C45: a regional Financial Institution | D45: Subang Jaya | E45: Agent_A | F45: 09-25-2024 | G45: Contacted | H45: 4.5 hours | I45: 1 | J45: 4006.04
A46: CL-1243 | B46: Client_1243 | C46: a regional Financial Institution | D46: Petaling Jaya | E46: Agent_D | F46: 7/16/23 | G46: LOST | H46: 37.3 hrs | I46: 4 | J46: 4890.01
A47: CL-2333 | B47: Client_2333 | C47: a major Telecommunications provider | D47: Malacca | E47: Agent_A | F47: 45184 | G47: New | H47: 43 | I47: 49 | J47: 4825.78
A48: CL-0363 | B48: Client_363 | C48: a regional Financial Institution | D48: Shah Alam | E48: Agent_A | F48: 45333 | G48: NEW | H48: 55.2 | I48: 39 | J48: 4911.46
A49: CL-2948 | B49: Client_2948 | C49: a major Telecommunications provider | D49: Johor Bahru | E49: Agent_B | F49: 45647 | G49: new | H49: 26.3 hours | I49: 5 | J49: 4695.73
A50: CL-0235 | B50: Client_235 | C50: a Government Service provider | D50: Putrajaya | E50: Agent_B | F50: 45427 | G50: LOST | H50: 71.3 | I50: 5 | J50: 1085.36
A51: CL-2687 | B51: CLIENT_2687 | C51: a major Telecommunications provider | D51: Petaling Jaya | E51: Agent_C | F51: 45111 | G51: Contacted | H51: 25.1 hours | I51: 44 | J51: 2404.1
A52: CL-2352 | B52: Client_2352 | C52: a private Manufacturing enterprise | D52: Petaling Jya | E52: Agent_A | F52: 45334 | G52: Qualifeid | H52: 34.3 | I52: 38 | J52: 4103.16
A53: CL-0652 | B53: Client_652 | C53: a leading Utility company | D53: Kuala Lumpur | E53: Agent_A | F53: 07-13-2023 | G53: New | H53: 2.5 days | I53: 27 | J53: 2714.84
A54: CL-1757 | B54: Client_1757 | C54: a leading Utility company | D54: kuchng | E54: Agent_D | F54: 45603 | G54: NEW | H54: 55 | I54: 8 | J54: 3059.92
A55: CL-1665 | B55: Client_1665 | C55: a regional Financial Institution | D55: Malacca | E55: Agent_B | F55: 45344 | G55: Nw | H55: 27 | I55: 7 | J55: 4205.75
A56: CL-2605 | B56: Client_2605 | C56: a regional Financial Institution | D56: Petalingg Jaya | E56: Agent_C | F56: 45194 | G56: Converted | H56: 65.4 hrs | I56: 42 | J56: 3764.82
A57: CL-1059 | B57: Client_1059 | C57: a regional Financial Institution | D57: Alor Setar | E57: Agent_B | F57: 45192 | G57: New | H57: 5.9 hours | I57: 25 | J57: 1292.68
A58: CL-0450 | B58: Client_450 | C58: a private Manufacturing enterprise | D58: KUCHING | E58: Agent_B | F58: 45137 | G58: Contacted | H58: 11 | I58: 17 | J58: 1781.8
A59: CL-1422 | B59: Client_1422 | C59: a major Telecommunications provider | D59: cyberjaya | E59: Agent_D | F59: 45215 | G59: New | H59: 35 | I59: N/A | J59: 3284.07
A60: CL-1578 | B60: Client_1578 | C60: a major Telecommunications provider | D60: Klang | E60: Agent_C | F60: 44957 | G60: Conveted | H60: 54.6 | I60: 50 | J60: 1812.01
A61: CL-2838 | B61: Client_2838 | C61: a leading Utility company | D61: Ipoh | E61: Agent_B | F61: 45518 | G61: New | H61: 15.3 | I61: 47 | J61: 2096.24
A62: CL-2646 | B62: Client_2646 | C62: a major Telecommunications provider | D62: Subang Jaya | E62: Agent_D | F62: 45162 | G62: Los | H62: 16.3h | I62: 6 | J62: 3956.47
A63: CL-1375 | B63: Client_1375 | C63: a private Manufacturing enterprise | D63: Kuala Lumpur | E63: Agent_D | F63: 45447 | G63: Conctacted | H63: 50.5 hrs | I63: 12 | J63: 4438.34
A64: CL-2718 | B64: Client_2718 | C64: a private Manufacturing enterprise | D64: penang | E64: Agent_D | F64: 10/20/24 | G64: Contacted | H64: 30.6h | I64: 26 | J64: 3568.62
A65: CL-1502 | B65: Client_1502 | C65: a leading Utility company | D65: Cyberjya | E65: Agent_D | F65: 45554 | G65: Convereted | H65: 21 | I65: 46 | J65: 3585.72
A66: CL-0216 | B66: Client_216 | C66: a Government Service provider | D66: Alor Setar | E66: Agent_C | F66: 45383 | G66: CONTACTED | H66: 1.3 days | I66: 15 interactions | J66: 4123.9
A67: CL-0169 | B67: Client_169 | C67: a Government Service provider | D67: Petaling Jaya | E67: Agent_D | F67: January 6, 2024 | G67: Lost | H67: 43 | I67: 24 | J67: 3279.7
A68: CL-0039 | B68: Client_039 | C68: a private Manufacturing enterprise | D68: Kota Kinaballu | E68: Agent_A | F68: 3/13/23 | G68: CONTACTED | H68: 1.2 days | I68: 2 | J68: 4786.07
A69: CL-1049 | B69: Client_1049 | C69: a regional Financial Institution | D69: Melacca | E69: Agent_D | F69: 45334 | G69: New | H69: 31.2 hrs | I69: 5 | J69: 2602.46
A70: CL-2332 | B70: Client_2332 | C70: a major Telecommunications provider | D70: IPOH | E70: Agent_C | F70: 45118 | G70: lost | H70: 1.4 | I70: 34 | J70: 4090.22
A71: CL-0623 | B71: Client_623 | C71: a Government Service provider | D71: Petaling Jya | E71: Agent_A | F71: July 27, 2023 | G71: Contactd | H71: 70 | I71: 8 | J71: 2726.16
A72: CL-2232 | B72: Client_2232 | C72: a major Telecommunications provider | D72: Serembn | E72: Agent_C | F72: 28.10.2024 | G72: Contacted | H72: 69.8 | I72: 4 | J72: 3645.26
A73: CL-0918 | B73: Client_918 | C73: a regional Financial Institution | D73: Kuala Lumpur | E73: Agent_B | F73: 45395 | G73: qualified | H73: 50.3 hours | I73: 14 | J73: 3323.66
A74: CL-1607 | B74: Client_1607 | C74: a major Telecommunications provider | D74: Kuchng | E74: Agent_B | F74: 45276 | G74: Contacted | H74: 8.3 hours | I74: 28 | J74: 1104.89
A75: CL-1277 | B75: Client_1277 | C75: a leading Utility company | D75: Klang | E75: Agent_C | F75: 11-23-2023 | G75: New | H75: 32.1h | I75: 35 | J75: 1888.82
A76: CL-1106 | B76: client_1106 | C76: a leading Utility company | D76: Seremban | E76: Agent_B | F76: 08-26-2023 | G76: qualified | H76: 67.3h | I76: 15 | J76: 4187.96
A77: CL-0849 | B77: Client_849 | C77: a regional Financial Institution | D77: cyberjaya | E77: Agent_B | F77: 45274 | G77: Conctacted | H77: 54 | I77: 21 | J77: 3817.26
A78: CL-2997 | B78: Client_2997 | C78: a regional Financial Institution | D78: Cyberjaya | E78: Agent_D | F78: November 7, 2024 | G78: contacted | H78: 2.3 days | I78: 25 | J78: 2781.56
A79: CL-1862 | B79: Client_1862 | C79: a regional Financial Institution | D79: Subang Jaya | E79: Agent_A | F79: June 13, 2023 | G79: Qualifeid | H79: 1.6 hrs | I79: 36 | J79: 2256.39
A80: CL-2048 | B80: Client_2048 | C80: a private Manufacturing enterprise | D80: kuchng | E80: Agent_C | F80: 44948 | G80: Qualified | H80: 0.9 hrs | I80: 35 | J80: 2306.76
A81: CL-0970 | B81: Client_970 | C81: a major Telecommunications provider | D81: Malacca | E81: Agent_A | F81: February 4, 2024 | G81: Qualified | H81: 13.7 hrs | I81: 38 | J81: 4735.73
A82: CL-1096 | B82: Client_1096 | C82: a leading Utility company | D82: Alor Setar | E82: Agent_C | F82: 45423 | G82: New | H82: 11.4 | I82: 16 | J82: 1328.15
A83: CL-2200 | B83: Client_2200 | C83: a leading Utility company | D83: seremban | E83: Agent_C | F83: 45462 | G83: Contactd | H83: 34 | I83: 30 | J83: 1505.92
A84: CL-1147 | B84: Client_1147 | C84: a private Manufacturing enterprise | D84: alor setar | E84: Agent_A | F84: 45444 | G84: CONTACTED | H84: 6.0 hours | I84: 39 | J84: 3051.32
A85: CL-1938 | B85: CLIENT_1938 | C85: a Government Service provider | D85: Subang Jaa | E85: Agent_A | F85: November 30, 2024 | G85: Contacted | H85: 40.5 hrs | I85: 47 | J85: 4417.33
A86: CL-2161 | B86: Client_2161 | C86: a regional Financial Institution | D86: Klang | E86: Agent_D | F86: 45167 | G86: Qualified | H86: 67 | I86: 44 | J86: 3510.85
A87: CL-1133 | B87: Client_1133 | C87: a major Telecommunications provider | D87: Klanng | E87: Agent_A | F87: 45193 | G87: lost | H87: 53.8 hrs | I87: 1 | J87: 2811.97
A88: CL-0106 | B88: Client_106 | C88: a private Manufacturing enterprise | D88: Petaling Jaya | E88: Agent_D | F88: 45497 | G88: new | H88: 0.1 days | I88: 24 | J88: 3211.6
A89: CL-1803 | B89: Client_1803 | C89: a Government Service provider | D89: Kuala Lumpur | E89: Agent_A | F89: 12/19/24 | G89: converted | H89: 27.9 hrs | I89: 40 | J89: 3101.23
A90: CL-1761 | B90: Client_1761 | C90: a Government Service provider | D90: JB | E90: Agent_D | F90: 06-30-2023 | G90: New | H90: 57 | I90: 34 | J90: 2243.18
A91: CL-1845 | B91: client_1845 | C91: a regional Financial Institution | D91: cyberjaya | E91: Agent_C | F91: 45025 | G91: new | H91: 2.9 days | I91: 35 | J91: 4618.16
A92: CL-2820 | B92: Client_2820 | C92: a leading Utility company | D92: Klang | E92: Agent_B | F92: 45230 | G92: CONTACTED | H92: 6 | I92: 4 | J92: 4020.19
A93: CL-2670 | B93: Client_2670 | C93: a regional Financial Institution | D93: PUTRAJAYA | E93: Agent_B | F93: 09.07.2024 | G93: Converted | H93: 46.7 hours | I93: 15 | J93: 3002.34
A94: CL-1769 | B94: Client_1769 | C94: a leading Utility company | D94: Alor Setar | E94: Agent_A | F94: 45277 | G94: Contactd | H94: 11 | I94: 1 | J94: 1031.09
A95: CL-1849 | B95: Client_1849 | C95: a private Manufacturing enterprise | D95: JB | E95: Agent_C | F95: 45062 | G95: Convereted | H95: 16.7h | I95: 16 | J95: 2689.23
A96: CL-2246 | B96: Client_2246 | C96: a private Manufacturing enterprise | D96: Johor Bahru | E96: Agent_C | F96: 45006 | G96: Converted | H96: 63.6 hrs | I96: 18 | J96: 2857.22
A97: CL-1279 | B97: Client_1279 | C97: a Government Service provider | D97: Subang Jaya | E97: Agent_C | F97: 21.09.2024 | G97: Lost | H97: 2.3 days | I97: 41 | J97: 4396.66
A98: CL-1175 | B98: Client_1175 | C98: a regional Financial Institution | D98: KUCHING | E98: Agent_C | F98: 8/23/23 | G98: Converted | H98: 24.2 hrs | I98: 16 | J98: 4792.8
A99: CL-2900 | B99: Client_2900 | C99: a regional Financial Institution | D99: Malacca | E99: Agent_C | F99: 14.10.2023 | G99: Lost | H99: 27.8 hrs | I99: 5 | J99: 1580.85
A100: CL-0164 | B100: Client_164 | C100: a regional Financial Institution | D100: Seremban | E100: Agent_A | F100: 45598 | G100: Contactd | H100: 26.8h | I100: 25 | J100: 2737.53
...

Sheet Helper_Column
A1: Lead_ID_Clean | B1: Lead_ID_Fixed | C1: Lead_ID_DupFlag | D1: Keep_Record | E1: Client_Name_Clean | F1: Client_Name_Fixed | G1: Company_Segment | H1: City_Clean | I1: City_Mapping | J1: City_Final | K1: Status_Norm | L1: Status_Clean | M1: Is_Converted | N1: Is_Engaged | O1: Stage_Order | P1: Date_Raw | Q1: Date_NoDots | R1: Date_NoDashes | S1: Date_Converted | T1: Date_Valid | U1: Lead_Date_Final | V1: Lead_Month | W1: Lead_Year | X1: Lead_Quarter | Y1: Lead_Weekday | Z1: Response_Time | AA1: Response_Time_Hours | AB1: Response_Speed_Cat | AC1: Interaction_Count_Final | AD1: Engagement_Level | AE1: Sales_Tier | AF1: Sales_ Check | AG1: Column1 | AH1: Original_Row_No | AI1: Latest_Lead_Date | AJ1: Latest_Row_For_Lead | AK1: REVIEW_AMBIGUOUS
A2: CL-1185 | B2: CL-1185 | C2: FALSE | D2: KEEP | E2: Client_1185 | F2: Client_1185 | G2: A Regional Financial Institution | H2: Shah Alam | I2: Shah Alam | J2: Shah Alam | K2: NW | L2: NEW | M2: =IF(UPPER(TRIM(Table2[[#This Row],[Status_Clean]]))="CONVERTED",1,0) -> 0 | N2: =IF(ISNUMBER(MATCH(UPPER(TRIM(Table2[[#This Row],[Status_Clean]])),{"CONTACTED","QUALIFIED","CONVERTED"},0)),1,0) -> 0 | O2: {=_xlfn.SWITCH(UPPER(TRIM(Table2[[#This Row],[Status_Clean]])),"NEW",1,"CONTACTED",2,"QUALIFIED",3,"CONVERTED",4,"LOST",5,99)} -> 1 | P2: 45272 | Q2: 12/12/2023 | R2: 12/12/2023 | S2: 45272 | T2: PASS | U2: 45272 | V2: December | W2: 2023 | X2: Q4 | Y2: Tuesday | Z2: 40.9h | AA2: 40.9 | AB2: {=_xlfn.LET(_xlpm.x,IFERROR(VALUE(Table2[[#This Row],[Response_Time_Hours]]),""),IF(_xlpm.x="","CHECK",_xlfn.IFS(_xlpm.x<=1,"Immediate",_xlpm.x<=6,"Fast",_xlpm.x<=24,"Moderate",_xlpm.x>24,"Delayed")))} -> Delayed | AC2: 18 | AD2: {=IF(Table2[[#This Row],[Interaction_Count_Final]]="","N/A",_xlfn.IFS(Table2[[#This Row],[Interaction_Count_Final]]<=2,"Low",Table2[[#This Row],[Interaction_Count_Final]]<=5,"Medium",Table2[[#This Row],[Interaction_Count_Final]]>=6,"High",TRUE,"CHECK"))} -> High | AE2: Medium | AF2: TRUE | AG2: TRUE | AH2: 2 | AI2: 45272 | AJ2: TRUE | AK2: {=_xlfn.LET( _xlpm.txt,TRIM(Raw_Data!F2), _xlpm.norm,SUBSTITUTE(SUBSTITUTE(_xlpm.txt,"-","/"),".","/"), _xlpm.p,_xlfn.TEXTSPLIT(_xlpm.norm,"/"), _xlpm.a,VALUE(INDEX(_xlpm.p,1)), _xlpm.b,VALUE(INDEX(_xlpm.p,2)), IF(AND(_xlpm.a<=12,_xlpm.b<=12),"REVIEW_AMBIGUOUS","OK") )} -> #REF!
A3: CL-2445 | B3: CL-2445 | C3: FALSE | D3: KEEP | E3: Client_2445 | F3: Client_2445 | G3: A Private Manufacturing Enterprise | H3: Penang | I3: Penang | J3: Penang | K3: QUALIFIED | L3: QUALIFIED | M3: =IF(UPPER(TRIM(Table2[[#This Row],[Status_Clean]]))="CONVERTED",1,0) -> 0 | N3: =IF(ISNUMBER(MATCH(UPPER(TRIM(Table2[[#This Row],[Status_Clean]])),{"CONTACTED","QUALIFIED","CONVERTED"},0)),1,0) -> 1 | O3: {=_xlfn.SWITCH(UPPER(TRIM(Table2[[#This Row],[Status_Clean]])),"NEW",1,"CONTACTED",2,"QUALIFIED",3,"CONVERTED",4,"LOST",5,99)} -> 3 | P3: 45574 | Q3: 09/10/2024 | R3: 09/10/2024 | S3: 45574 | T3: PASS | U3: 45574 | V3: October | W3: 2024 | X3: Q4 | Y3: Wednesday | Z3: 2.6 days | AA3: 62.4 | AB3: {=_xlfn.LET(_xlpm.x,IFERROR(VALUE(Table2[[#This Row],[Response_Time_Hours]]),""),IF(_xlpm.x="","CHECK",_xlfn.IFS(_xlpm.x<=1,"Immediate",_xlpm.x<=6,"Fast",_xlpm.x<=24,"Moderate",_xlpm.x>24,"Delayed")))} -> Delayed | AC3: 37 | AD3: {=IF(Table2[[#This Row],[Interaction_Count_Final]]="","N/A",_xlfn.IFS(Table2[[#This Row],[Interaction_Count_Final]]<=2,"Low",Table2[[#This Row],[Interaction_Count_Final]]<=5,"Medium",Table2[[#This Row],[Interaction_Count_Final]]>=6,"High",TRUE,"CHECK"))} -> High | AE3: High | AF3: TRUE | AG3: TRUE | AH3: 3 | AI3: 45574 | AJ3: TRUE | AK3: {=_xlfn.LET( _xlpm.txt,TRIM(Raw_Data!F3), _xlpm.norm,SUBSTITUTE(SUBSTITUTE(_xlpm.txt,"-","/"),".","/"), _xlpm.p,_xlfn.TEXTSPLIT(_xlpm.norm,"/"), _xlpm.a,VALUE(INDEX(_xlpm.p,1)), _xlpm.b,VALUE(INDEX(_xlpm.p,2)), IF(AND(_xlpm.a<=12,_xlpm.b<=12),"REVIEW_AMBIGUOUS","OK") )} -> #REF!
A4: CL-2844 | B4: CL-2844 | C4: FALSE | D4: KEEP | E4: Client_2844 | F4: Client_2844 | G4: A Major Telecommunications Provider | H4: Seremban | I4: Seremban | J4: Seremban | K4: QUALIFIED | L4: QUALIFIED | M4: =IF(UPPER(TRIM(Table2[[#This Row],[Status_Clean]]))="CONVERTED",1,0) -> 0 | N4: =IF(ISNUMBER(MATCH(UPPER(TRIM(Table2[[#This Row],[Status_Clean]])),{"CONTACTED","QUALIFIED","CONVERTED"},0)),1,0) -> 1 | O4: {=_xlfn.SWITCH(UPPER(TRIM(Table2[[#This Row],[Status_Clean]])),"NEW",1,"CONTACTED",2,"QUALIFIED",3,"CONVERTED",4,"LOST",5,99)} -> 3 | P4: 45465 | Q4: 22/06/2024 | R4: 22/06/2024 | S4: 45465 | T4: PASS | U4: 45465 | V4: June | W4: 2024 | X4: Q2 | Y4: Saturday | Z4: 54.8 | AA4: 54.8 | AB4: {=_xlfn.LET(_xlpm.x,IFERROR(VALUE(Table2[[#This Row],[Response_Time_Hours]]),""),IF(_xlpm.x="","CHECK",_xlfn.IFS(_xlpm.x<=1,"Immediate",_xlpm.x<=6,"Fast",_xlpm.x<=24,"Moderate",_xlpm.x>24,"Delayed")))} -> Delayed | AC4: 10 | AD4: {=IF(Table2[[#This Row],[Interaction_Count_Final]]="","N/A",_xlfn.IFS(Table2[[#This Row],[Interaction_Count_Final]]<=2,"Low",Table2[[#This Row],[Interaction_Count_Final]]<=5,"Medium",Table2[[#This Row],[Interaction_Count_Final]]>=6,"High",TRUE,"CHECK"))} -> High | AE4: Medium | AF4: TRUE | AG4: TRUE | AH4: 5 | AI4: 45465 | AJ4: TRUE | AK4: {=_xlfn.LET( _xlpm.txt,TRIM(Raw_Data!F4), _xlpm.norm,SUBSTITUTE(SUBSTITUTE(_xlpm.txt,"-","/"),".","/"), _xlpm.p,_xlfn.TEXTSPLIT(_xlpm.norm,"/"), _xlpm.a,VALUE(INDEX(_xlpm.p,1)), _xlpm.b,VALUE(INDEX(_xlpm.p,2)), IF(AND(_xlpm.a<=12,_xlpm.b<=12),"REVIEW_AMBIGUOUS","OK") )} -> #REF!
A5: CL-2472 | B5: CL-2472 | C5: FALSE | D5: KEEP | E5: Client_2472 | F5: Client_2472 | G5: A Government Service Provider | H5: Kota Kinabalu | I5: Kota Kinabalu | J5: Kota Kinabalu | K5: CONTACTD | L5: CONTACTED | M5: =IF(UPPER(TRIM(Table2[[#This Row],[Status_Clean]]))="CONVERTED",1,0) -> 0 | N5: =IF(ISNUMBER(MATCH(UPPER(TRIM(Table2[[#This Row],[Status_Clean]])),{"CONTACTED","QUALIFIED","CONVERTED"},0)),1,0) -> 1 | O5: {=_xlfn.SWITCH(UPPER(TRIM(Table2[[#This Row],[Status_Clean]])),"NEW",1,"CONTACTED",2,"QUALIFIED",3,"CONVERTED",4,"LOST",5,99)} -> 2 | P5: 45330 | Q5: 08/02/2024 | R5: 08/02/2024 | S5: 45330 | T5: PASS | U5: 45330 | V5: February | W5: 2024 | X5: Q1 | Y5: Thursday | Z5: 68.4 | AA5: 68.4 | AB5: {=_xlfn.LET(_xlpm.x,IFERROR(VALUE(Table2[[#This Row],[Response_Time_Hours]]),""),IF(_xlpm.x="","CHECK",_xlfn.IFS(_xlpm.x<=1,"Immediate",_xlpm.x<=6,"Fast",_xlpm.x<=24,"Moderate",_xlpm.x>24,"Delayed")))} -> Delayed | AC5: 9 | AD5: {=IF(Table2[[#This Row],[Interaction_Count_Final]]="","N/A",_xlfn.IFS(Table2[[#This Row],[Interaction_Count_Final]]<=2,"Low",Table2[[#This Row],[Interaction_Count_Final]]<=5,"Medium",Table2[[#This Row],[Interaction_Count_Final]]>=6,"High",TRUE,"CHECK"))} -> High | AE5: High | AF5: TRUE | AG5: TRUE | AH5: 6 | AI5: 45330 | AJ5: TRUE | AK5: {=_xlfn.LET( _xlpm.txt,TRIM(Raw_Data!F5), _xlpm.norm,SUBSTITUTE(SUBSTITUTE(_xlpm.txt,"-","/"),".","/"), _xlpm.p,_xlfn.TEXTSPLIT(_xlpm.norm,"/"), _xlpm.a,VALUE(INDEX(_xlpm.p,1)), _xlpm.b,VALUE(INDEX(_xlpm.p,2)), IF(AND(_xlpm.a<=12,_xlpm.b<=12),"REVIEW_AMBIGUOUS","OK") )} -> #REF!
A6: CL-1033 | B6: CL-1033 | C6: FALSE | D6: KEEP | E6: Client_1033 | F6: Client_1033 | G6: A Regional Financial Institution | H6: Johore Bahru | I6: Johore Bahru | J6: Johor Bahru | K6: NW | L6: NEW | M6: =IF(UPPER(TRIM(Table2[[#This Row],[Status_Clean]]))="CONVERTED",1,0) -> 0 | N6: =IF(ISNUMBER(MATCH(UPPER(TRIM(Table2[[#This Row],[Status_Clean]])),{"CONTACTED","QUALIFIED","CONVERTED"},0)),1,0) -> 0 | O6: {=_xlfn.SWITCH(UPPER(TRIM(Table2[[#This Row],[Status_Clean]])),"NEW",1,"CONTACTED",2,"QUALIFIED",3,"CONVERTED",4,"LOST",5,99)} -> 1 | P6: September 5, 2023 | Q6: September 5 2023 | R6: September 5 2023 | S6: 45174 | T6: PASS | U6: 45174 | V6: September | W6: 2023 | X6: Q3 | Y6: Tuesday | Z6: 28.6 | AA6: 28.6 | AB6: {=_xlfn.LET(_xlpm.x,IFERROR(VALUE(Table2[[#This Row],[Response_Time_Hours]]),""),IF(_xlpm.x="","CHECK",_xlfn.IFS(_xlpm.x<=1,"Immediate",_xlpm.x<=6,"Fast",_xlpm.x<=24,"Moderate",_xlpm.x>24,"Delayed")))} -> Delayed | AC6: 37 | AD6: {=IF(Table2[[#This Row],[Interaction_Count_Final]]="","N/A",_xlfn.IFS(Table2[[#This Row],[Interaction_Count_Final]]<=2,"Low",Table2[[#This Row],[Interaction_Count_Final]]<=5,"Medium",Table2[[#This Row],[Interaction_Count_Final]]>=6,"High",TRUE,"CHECK"))} -> High | AE6: Low | AF6: TRUE | AG6: TRUE | AH6: 9 | AI6: 45174 | AJ6: TRUE | AK6: {=_xlfn.LET( _xlpm.txt,TRIM(Raw_Data!F6), _xlpm.norm,SUBSTITUTE(SUBSTITUTE(_xlpm.txt,"-","/"),".","/"), _xlpm.p,_xlfn.TEXTSPLIT(_xlpm.norm,"/"), _xlpm.a,VALUE(INDEX(_xlpm.p,1)), _xlpm.b,VALUE(INDEX(_xlpm.p,2)), IF(AND(_xlpm.a<=12,_xlpm.b<=12),"REVIEW_AMBIGUOUS","OK") )} -> #REF!
A7: CL-1573 | B7: CL-1573 | C7: FALSE | D7: KEEP | E7: Client_1573 | F7: Client_1573 | G7: A Private Manufacturing Enterprise | H7: Shah Alam | I7: Shah Alam | J7: Shah Alam | K7: NEW | L7: NEW | M7: =IF(UPPER(TRIM(Table2[[#This Row],[Status_Clean]]))="CONVERTED",1,0) -> 0 | N7: =IF(ISNUMBER(MATCH(UPPER(TRIM(Table2[[#This Row],[Status_Clean]])),{"CONTACTED","QUALIFIED","CONVERTED"},0)),1,0) -> 0 | O7: {=_xlfn.SWITCH(UPPER(TRIM(Table2[[#This Row],[Status_Clean]])),"NEW",1,"CONTACTED",2,"QUALIFIED",3,"CONVERTED",4,"LOST",5,99)} -> 1 | P7: June 15, 2023 | Q7: June 15 2023 | R7: June 15 2023 | S7: 45092 | T7: PASS | U7: 45092 | V7: June | W7: 2023 | X7: Q2 | Y7: Thursday | Z7: 26.3 hours | AA7: 26.3 | AB7: {=_xlfn.LET(_xlpm.x,IFERROR(VALUE(Table2[[#This Row],[Response_Time_Hours]]),""),IF(_xlpm.x="","CHECK",_xlfn.IFS(_xlpm.x<=1,"Immediate",_xlpm.x<=6,"Fast",_xlpm.x<=24,"Moderate",_xlpm.x>24,"Delayed")))} -> Delayed | AC7: 35 | AD7: {=IF(Table2[[#This Row],[Interaction_Count_Final]]="","N/A",_xlfn.IFS(Table2[[#This Row],[Interaction_Count_Final]]<=2,"Low",Table2[[#This Row],[Interaction_Count_Final]]<=5,"Medium",Table2[[#This Row],[Interaction_Count_Final]]>=6,"High",TRUE,"CHECK"))} -> High | AE7: Medium | AF7: TRUE | AG7: TRUE | AH7: 10 | AI7: 45092 | AJ7: TRUE | AK7: {=_xlfn.LET( _xlpm.txt,TRIM(Raw_Data!F7), _xlpm.norm,SUBSTITUTE(SUBSTITUTE(_xlpm.txt,"-","/"),".","/"), _xlpm.p,_xlfn.TEXTSPLIT(_xlpm.norm,"/"), _xlpm.a,VALUE(INDEX(_xlpm.p,1)), _xlpm.b,VALUE(INDEX(_xlpm.p,2)), IF(AND(_xlpm.a<=12,_xlpm.b<=12),"REVIEW_AMBIGUOUS","OK") )} -> #REF!
A8: CL-2966 | B8: CL-2966 | C8: FALSE | D8: KEEP | E8: Client_2966 | F8: Client_2966 | G8: A Private Manufacturing Enterprise | H8: Kuala Lumpur | I8: Kuala Lumpur | J8: Kuala Lumpur | K8: CONTACTED | L8: CONTACTED | M8: =IF(UPPER(TRIM(Table2[[#This Row],[Status_Clean]]))="CONVERTED",1,0) -> 0 | N8: =IF(ISNUMBER(MATCH(UPPER(TRIM(Table2[[#This Row],[Status_Clean]])),{"CONTACTED","QUALIFIED","CONVERTED"},0)),1,0) -> 1 | O8: {=_xlfn.SWITCH(UPPER(TRIM(Table2[[#This Row],[Status_Clean]])),"NEW",1,"CONTACTED",2,"QUALIFIED",3,"CONVERTED",4,"LOST",5,99)} -> 2 | P8: 45200 | Q8: 01/10/2023 | R8: 01/10/2023 | S8: 45200 | T8: PASS | U8: 45200 | V8: October | W8: 2023 | X8: Q4 | Y8: Sunday | Z8: 35.0h | AA8: 35 | AB8: {=_xlfn.LET(_xlpm.x,IFERROR(VALUE(Table2[[#This Row],[Response_Time_Hours]]),""),IF(_xlpm.x="","CHECK",_xlfn.IFS(_xlpm.x<=1,"Immediate",_xlpm.x<=6,"Fast",_xlpm.x<=24,"Moderate",_xlpm.x>24,"Delayed")))} -> Delayed | AC8: 19 | AD8: {=IF(Table2[[#This Row],[Interaction_Count_Final]]="","N/A",_xlfn.IFS(Table2[[#This Row],[Interaction_Count_Final]]<=2,"Low",Table2[[#This Row],[Interaction_Count_Final]]<=5,"Medium",Table2[[#This Row],[Interaction_Count_Final]]>=6,"High",TRUE,"CHECK"))} -> High | AE8: Medium | AF8: TRUE | AG8: TRUE | AH8: 11 | AI8: 45200 | AJ8: TRUE | AK8: {=_xlfn.LET( _xlpm.txt,TRIM(Raw_Data!F8), _xlpm.norm,SUBSTITUTE(SUBSTITUTE(_xlpm.txt,"-","/"),".","/"), _xlpm.p,_xlfn.TEXTSPLIT(_xlpm.norm,"/"), _xlpm.a,VALUE(INDEX(_xlpm.p,1)), _xlpm.b,VALUE(INDEX(_xlpm.p,2)), IF(AND(_xlpm.a<=12,_xlpm.b<=12),"REVIEW_AMBIGUOUS","OK") )} -> #REF!
A9: CL-2394 | B9: CL-2394 | C9: FALSE | D9: KEEP | E9: Client_2394 | F9: Client_2394 | G9: A Private Manufacturing Enterprise | H9: Kota Kinabalu | I9: Kota Kinabalu | J9: Kota Kinabalu | K9: QUALIFIED | L9: QUALIFIED | M9: =IF(UPPER(TRIM(Table2[[#This Row],[Status_Clean]]))="CONVERTED",1,0) -> 0 | N9: =IF(ISNUMBER(MATCH(UPPER(TRIM(Table2[[#This Row],[Status_Clean]])),{"CONTACTED","QUALIFIED","CONVERTED"},0)),1,0) -> 1 | O9: {=_xlfn.SWITCH(UPPER(TRIM(Table2[[#This Row],[Status_Clean]])),"NEW",1,"CONTACTED",2,"QUALIFIED",3,"CONVERTED",4,"LOST",5,99)} -> 3 | P9: 44997 | Q9: 12/03/2023 | R9: 12/03/2023 | S9: 44997 | T9: PASS | U9: 44997 | V9: March | W9: 2023 | X9: Q1 | Y9: Sunday | Z9: 64.6 | AA9: 64.6 | AB9: {=_xlfn.LET(_xlpm.x,IFERROR(VALUE(Table2[[#This Row],[Response_Time_Hours]]),""),IF(_xlpm.x="","CHECK",_xlfn.IFS(_xlpm.x<=1,"Immediate",_xlpm.x<=6,"Fast",_xlpm.x<=24,"Moderate",_xlpm.x>24,"Delayed")))} -> Delayed | AC9: 29 | AD9: {=IF(Table2[[#This Row],[Interaction_Count_Final]]="","N/A",_xlfn.IFS(Table2[[#This Row],[Interaction_Count_Final]]<=2,"Low",Table2[[#This Row],[Interaction_Count_Final]]<=5,"Medium",Table2[[#This Row],[Interaction_Count_Final]]>=6,"High",TRUE,"CHECK"))} -> High | AE9: Low | AF9: TRUE | AG9: TRUE | AH9: 12 | AI9: 44997 | AJ9: TRUE | AK9: {=_xlfn.LET( _xlpm.txt,TRIM(Raw_Data!F9), _xlpm.norm,SUBSTITUTE(SUBSTITUTE(_xlpm.txt,"-","/"),".","/"), _xlpm.p,_xlfn.TEXTSPLIT(_xlpm.norm,"/"), _xlpm.a,VALUE(INDEX(_xlpm.p,1)), _xlpm.b,VALUE(INDEX(_xlpm.p,2)), IF(AND(_xlpm.a<=12,_xlpm.b<=12),"REVIEW_AMBIGUOUS","OK") )} -> #REF!
A10: CL-2422 | B10: CL-2422 | C10: FALSE | D10: KEEP | E10: Client_2422 | F10: Client_2422 | G10: A Regional Financial Institution | H10: Putrajaya | I10: Putrajaya | J10: Putrajaya | K10: LOST | L10: LOST | M10: =IF(UPPER(TRIM(Table2[[#This Row],[Status_Clean]]))="CONVERTED",1,0) -> 0 | N10: =IF(ISNUMBER(MATCH(UPPER(TRIM(Table2[[#This Row],[Status_Clean]])),{"CONTACTED","QUALIFIED","CONVERTED"},0)),1,0) -> 0 | O10: {=_xlfn.SWITCH(UPPER(TRIM(Table2[[#This Row],[Status_Clean]])),"NEW",1,"CONTACTED",2,"QUALIFIED",3,"CONVERTED",4,"LOST",5,99)} -> 5 | P10: 45390 | Q10: 08/04/2024 | R10: 08/04/2024 | S10: 45390 | T10: PASS | U10: 45390 | V10: April | W10: 2024 | X10: Q2 | Y10: Monday | Z10: 0.6 days | AA10: 14.4 | AB10: {=_xlfn.LET(_xlpm.x,IFERROR(VALUE(Table2[[#This Row],[Response_Time_Hours]]),""),IF(_xlpm.x="","CHECK",_xlfn.IFS(_xlpm.x<=1,"Immediate",_xlpm.x<=6,"Fast",_xlpm.x<=24,"Moderate",_xlpm.x>24,"Delayed")))} -> Moderate | AC10: 18 | AD10: {=IF(Table2[[#This Row],[Interaction_Count_Final]]="","N/A",_xlfn.IFS(Table2[[#This Row],[Interaction_Count_Final]]<=2,"Low",Table2[[#This Row],[Interaction_Count_Final]]<=5,"Medium",Table2[[#This Row],[Interaction_Count_Final]]>=6,"High",TRUE,"CHECK"))} -> High | AE10: Low | AF10: TRUE | AG10: TRUE | AH10: 14 | AI10: 45390 | AJ10: TRUE | AK10: {=_xlfn.LET( _xlpm.txt,TRIM(Raw_Data!F10), _xlpm.norm,SUBSTITUTE(SUBSTITUTE(_xlpm.txt,"-","/"),".","/"), _xlpm.p,_xlfn.TEXTSPLIT(_xlpm.norm,"/"), _xlpm.a,VALUE(INDEX(_xlpm.p,1)), _xlpm.b,VALUE(INDEX(_xlpm.p,2)), IF(AND(_xlpm.a<=12,_xlpm.b<=12),"REVIEW_AMBIGUOUS","OK") )} -> #REF!
A11: CL-1014 | B11: CL-1014 | C11: FALSE | D11: KEEP | E11: Client_1014 | F11: Client_1014 | G11: A Government Service Provider | H11: Seremban | I11: Seremban | J11: Seremban | K11: CONTACTED | L11: CONTACTED | M11: =IF(UPPER(TRIM(Table2[[#This Row],[Status_Clean]]))="CONVERTED",1,0) -> 0 | N11: =IF(ISNUMBER(MATCH(UPPER(TRIM(Table2[[#This Row],[Status_Clean]])),{"CONTACTED","QUALIFIED","CONVERTED"},0)),1,0) -> 1 | O11: {=_xlfn.SWITCH(UPPER(TRIM(Table2[[#This Row],[Status_Clean]])),"NEW",1,"CONTACTED",2,"QUALIFIED",3,"CONVERTED",4,"LOST",5,99)} -> 2 | P11: 11-16-2024 | Q11: 11/16/2024 | R11: 11/16/2024 | S11: 45612 | T11: PASS | U11: 45612 | V11: November | W11: 2024 | X11: Q4 | Y11: Saturday | Z11: 46.4h | AA11: 46.4 | AB11: {=_xlfn.LET(_xlpm.x,IFERROR(VALUE(Table2[[#This Row],[Response_Time_Hours]]),""),IF(_xlpm.x="","CHECK",_xlfn.IFS(_xlpm.x<=1,"Immediate",_xlpm.x<=6,"Fast",_xlpm.x<=24,"Moderate",_xlpm.x>24,"Delayed")))} -> Delayed | AC11: 12 | AD11: {=IF(Table2[[#This Row],[Interaction_Count_Final]]="","N/A",_xlfn.IFS(Table2[[#This Row],[Interaction_Count_Final]]<=2,"Low",Table2[[#This Row],[Interaction_Count_Final]]<=5,"Medium",Table2[[#This Row],[Interaction_Count_Final]]>=6,"High",TRUE,"CHECK"))} -> High | AE11: Medium | AF11: TRUE | AG11: TRUE | AH11: 15 | AI11: 45612 | AJ11: TRUE | AK11: {=_xlfn.LET( _xlpm.txt,TRIM(Raw_Data!F11), _xlpm.norm,SUBSTITUTE(SUBSTITUTE(_xlpm.txt,"-","/"),".","/"), _xlpm.p,_xlfn.TEXTSPLIT(_xlpm.norm,"/"), _xlpm.a,VALUE(INDEX(_xlpm.p,1)), _xlpm.b,VALUE(INDEX(_xlpm.p,2)), IF(AND(_xlpm.a<=12,_xlpm.b<=12),"REVIEW_AMBIGUOUS","OK") )} -> OK
A12: CL-0203 | B12: CL-0203 | C12: FALSE | D12: KEEP | E12: Client_203 | F12: Client_203 | G12: A Private Manufacturing Enterprise | H12: Petaling Jaya | I12: Petaling Jaya | J12: Petaling Jaya | K12: CONCTACTED | L12: CONTACTED | M12: =IF(UPPER(TRIM(Table2[[#This Row],[Status_Clean]]))="CONVERTED",1,0) -> 0 | N12: =IF(ISNUMBER(MATCH(UPPER(TRIM(Table2[[#This Row],[Status_Clean]])),{"CONTACTED","QUALIFIED","CONVERTED"},0)),1,0) -> 1 | O12: {=_xlfn.SWITCH(UPPER(TRIM(Table2[[#This Row],[Status_Clean]])),"NEW",1,"CONTACTED",2,"QUALIFIED",3,"CONVERTED",4,"LOST",5,99)} -> 2 | P12: 02-23-2023 | Q12: 02/23/2023 | R12: 02/23/2023 | S12: 44980 | T12: PASS | U12: 44980 | V12: February | W12: 2023 | X12: Q1 | Y12: Thursday | Z12: 34 | AA12: 34 | AB12: {=_xlfn.LET(_xlpm.x,IFERROR(VALUE(Table2[[#This Row],[Response_Time_Hours]]),""),IF(_xlpm.x="","CHECK",_xlfn.IFS(_xlpm.x<=1,"Immediate",_xlpm.x<=6,"Fast",_xlpm.x<=24,"Moderate",_xlpm.x>24,"Delayed")))} -> Delayed | AC12: 1 | AD12: {=IF(Table2[[#This Row],[Interaction_Count_Final]]="","N/A",_xlfn.IFS(Table2[[#This Row],[Interaction_Count_Final]]<=2,"Low",Table2[[#This Row],[Interaction_Count_Final]]<=5,"Medium",Table2[[#This Row],[Interaction_Count_Final]]>=6,"High",TRUE,"CHECK"))} -> Low | AE12: Low | AF12: TRUE | AG12: TRUE | AH12: 16 | AI12: 44980 | AJ12: TRUE | AK12: {=_xlfn.LET( _xlpm.txt,TRIM(Raw_Data!F12), _xlpm.norm,SUBSTITUTE(SUBSTITUTE(_xlpm.txt,"-","/"),".","/"), _xlpm.p,_xlfn.TEXTSPLIT(_xlpm.norm,"/"), _xlpm.a,VALUE(INDEX(_xlpm.p,1)), _xlpm.b,VALUE(INDEX(_xlpm.p,2)), IF(AND(_xlpm.a<=12,_xlpm.b<=12),"REVIEW_AMBIGUOUS","OK") )} -> OK
A13: CL-2903 | B13: CL-2903 | C13: FALSE | D13: KEEP | E13: Client_2903 | F13: Client_2903 | G13: A Leading Utility Company | H13: Kuala Lumpur | I13: Kuala Lumpur | J13: Kuala Lumpur | K13: CONTACTED | L13: CONTACTED | M13: =IF(UPPER(TRIM(Table2[[#This Row],[Status_Clean]]))="CONVERTED",1,0) -> 0 | N13: =IF(ISNUMBER(MATCH(UPPER(TRIM(Table2[[#This Row],[Status_Clean]])),{"CONTACTED","QUALIFIED","CONVERTED"},0)),1,0) -> 1 | O13: {=_xlfn.SWITCH(UPPER(TRIM(Table2[[#This Row],[Status_Clean]])),"NEW",1,"CONTACTED",2,"QUALIFIED",3,"CONVERTED",4,"LOST",5,99)} -> 2 | P13: 07.03.2024 | Q13: 07/03/2024 | R13: 07/03/2024 | S13: 45476 | T13: PASS | U13: 45476 | V13: July | W13: 2024 | X13: Q3 | Y13: Wednesday | Z13: 17.5h | AA13: 17.5 | AB13: {=_xlfn.LET(_xlpm.x,IFERROR(VALUE(Table2[[#This Row],[Response_Time_Hours]]),""),IF(_xlpm.x="","CHECK",_xlfn.IFS(_xlpm.x<=1,"Immediate",_xlpm.x<=6,"Fast",_xlpm.x<=24,"Moderate",_xlpm.x>24,"Delayed")))} -> Moderate | AC13: 48 | AD13: {=IF(Table2[[#This Row],[Interaction_Count_Final]]="","N/A",_xlfn.IFS(Table2[[#This Row],[Interaction_Count_Final]]<=2,"Low",Table2[[#This Row],[Interaction_Count_Final]]<=5,"Medium",Table2[[#This Row],[Interaction_Count_Final]]>=6,"High",TRUE,"CHECK"))} -> High | AE13: Medium | AF13: TRUE | AG13: TRUE | AH13: 18 | AI13: 45476 | AJ13: TRUE | AK13: {=_xlfn.LET( _xlpm.txt,TRIM(Raw_Data!F13), _xlpm.norm,SUBSTITUTE(SUBSTITUTE(_xlpm.txt,"-","/"),".","/"), _xlpm.p,_xlfn.TEXTSPLIT(_xlpm.norm,"/"), _xlpm.a,VALUE(INDEX(_xlpm.p,1)), _xlpm.b,VALUE(INDEX(_xlpm.p,2)), IF(AND(_xlpm.a<=12,_xlpm.b<=12),"REVIEW_AMBIGUOUS","OK") )} -> REVIEW_AMBIGUOUS
A14: CL-2832 | B14: CL-2832 | C14: FALSE | D14: KEEP | E14: Client_2832 | F14: Client_2832 | G14: A Leading Utility Company | H14: Klang | I14: Klang | J14: Klang | K14: CONTACTED | L14: CONTACTED | M14: =IF(UPPER(TRIM(Table2[[#This Row],[Status_Clean]]))="CONVERTED",1,0) -> 0 | N14: =IF(ISNUMBER(MATCH(UPPER(TRIM(Table2[[#This Row],[Status_Clean]])),{"CONTACTED","QUALIFIED","CONVERTED"},0)),1,0) -> 1 | O14: {=_xlfn.SWITCH(UPPER(TRIM(Table2[[#This Row],[Status_Clean]])),"NEW",1,"CONTACTED",2,"QUALIFIED",3,"CONVERTED",4,"LOST",5,99)} -> 2 | P14: 45195 | Q14: 26/09/2023 | R14: 26/09/2023 | S14: 45195 | T14: PASS | U14: 45195 | V14: September | W14: 2023 | X14: Q3 | Y14: Tuesday | Z14: 61.1h | AA14: 61.1 | AB14: {=_xlfn.LET(_xlpm.x,IFERROR(VALUE(Table2[[#This Row],[Response_Time_Hours]]),""),IF(_xlpm.x="","CHECK",_xlfn.IFS(_xlpm.x<=1,"Immediate",_xlpm.x<=6,"Fast",_xlpm.x<=24,"Moderate",_xlpm.x>24,"Delayed")))} -> Delayed | AC14: 26 | AD14: {=IF(Table2[[#This Row],[Interaction_Count_Final]]="","N/A",_xlfn.IFS(Table2[[#This Row],[Interaction_Count_Final]]<=2,"Low",Table2[[#This Row],[Interaction_Count_Final]]<=5,"Medium",Table2[[#This Row],[Interaction_Count_Final]]>=6,"High",TRUE,"CHECK"))} -> High | AE14: High | AF14: TRUE | AG14: TRUE | AH14: 20 | AI14: 45195 | AJ14: TRUE | AK14: {=_xlfn.LET( _xlpm.txt,TRIM(Raw_Data!F14), _xlpm.norm,SUBSTITUTE(SUBSTITUTE(_xlpm.txt,"-","/"),".","/"), _xlpm.p,_xlfn.TEXTSPLIT(_xlpm.norm,"/"), _xlpm.a,VALUE(INDEX(_xlpm.p,1)), _xlpm.b,VALUE(INDEX(_xlpm.p,2)), IF(AND(_xlpm.a<=12,_xlpm.b<=12),"REVIEW_AMBIGUOUS","OK") )} -> #REF!
A15: CL-1544 | B15: CL-1544 | C15: FALSE | D15: KEEP | E15: Client_1544 | F15: Client_1544 | G15: A Regional Financial Institution | H15: Cyberjaya | I15: Cyberjaya | J15: CyberJaya | K15: NEW | L15: NEW | M15: =IF(UPPER(TRIM(Table2[[#This Row],[Status_Clean]]))="CONVERTED",1,0) -> 0 | N15: =IF(ISNUMBER(MATCH(UPPER(TRIM(Table2[[#This Row],[Status_Clean]])),{"CONTACTED","QUALIFIED","CONVERTED"},0)),1,0) -> 0 | O15: {=_xlfn.SWITCH(UPPER(TRIM(Table2[[#This Row],[Status_Clean]])),"NEW",1,"CONTACTED",2,"QUALIFIED",3,"CONVERTED",4,"LOST",5,99)} -> 1 | P15: 45535 | Q15: 31/08/2024 | R15: 31/08/2024 | S15: 45535 | T15: PASS | U15: 45535 | V15: August | W15: 2024 | X15: Q3 | Y15: Saturday | Z15: 31.5 hours | AA15: 31.5 | AB15: {=_xlfn.LET(_xlpm.x,IFERROR(VALUE(Table2[[#This Row],[Response_Time_Hours]]),""),IF(_xlpm.x="","CHECK",_xlfn.IFS(_xlpm.x<=1,"Immediate",_xlpm.x<=6,"Fast",_xlpm.x<=24,"Moderate",_xlpm.x>24,"Delayed")))} -> Delayed | AC15: 33 | AD15: {=IF(Table2[[#This Row],[Interaction_Count_Final]]="","N/A",_xlfn.IFS(Table2[[#This Row],[Interaction_Count_Final]]<=2,"Low",Table2[[#This Row],[Interaction_Count_Final]]<=5,"Medium",Table2[[#This Row],[Interaction_Count_Final]]>=6,"High",TRUE,"CHECK"))} -> High | AE15: Low | AF15: TRUE | AG15: TRUE | AH15: 21 | AI15: 45535 | AJ15: TRUE | AK15: {=_xlfn.LET( _xlpm.txt,TRIM(Raw_Data!F15), _xlpm.norm,SUBSTITUTE(SUBSTITUTE(_xlpm.txt,"-","/"),".","/"), _xlpm.p,_xlfn.TEXTSPLIT(_xlpm.norm,"/"), _xlpm.a,VALUE(INDEX(_xlpm.p,1)), _xlpm.b,VALUE(INDEX(_xlpm.p,2)), IF(AND(_xlpm.a<=12,_xlpm.b<=12),"REVIEW_AMBIGUOUS","OK") )} -> #REF!
A16: CL-0857 | B16: CL-0857 | C16: FALSE | D16: KEEP | E16: Client_857 | F16: Client_857 | G16: A Leading Utility Company | H16: Klang | I16: Klang | J16: Klang | K16: LOST | L16: LOST | M16: =IF(UPPER(TRIM(Table2[[#This Row],[Status_Clean]]))="CONVERTED",1,0) -> 0 | N16: =IF(ISNUMBER(MATCH(UPPER(TRIM(Table2[[#This Row],[Status_Clean]])),{"CONTACTED","QUALIFIED","CONVERTED"},0)),1,0) -> 0 | O16: {=_xlfn.SWITCH(UPPER(TRIM(Table2[[#This Row],[Status_Clean]])),"NEW",1,"CONTACTED",2,"QUALIFIED",3,"CONVERTED",4,"LOST",5,99)} -> 5 | P16: 45465 | Q16: 22/06/2024 | R16: 22/06/2024 | S16: 45465 | T16: PASS | U16: 45465 | V16: June | W16: 2024 | X16: Q2 | Y16: Saturday | Z16: 1.4 days | AA16: 33.6 | AB16: {=_xlfn.LET(_xlpm.x,IFERROR(VALUE(Table2[[#This Row],[Response_Time_Hours]]),""),IF(_xlpm.x="","CHECK",_xlfn.IFS(_xlpm.x<=1,"Immediate",_xlpm.x<=6,"Fast",_xlpm.x<=24,"Moderate",_xlpm.x>24,"Delayed")))} -> Delayed | AC16: 3 | AD16: {=IF(Table2[[#This Row],[Interaction_Count_Final]]="","N/A",_xlfn.IFS(Table2[[#This Row],[Interaction_Count_Final]]<=2,"Low",Table2[[#This Row],[Interaction_Count_Final]]<=5,"Medium",Table2[[#This Row],[Interaction_Count_Final]]>=6,"High",TRUE,"CHECK"))} -> Medium | AE16: Medium | AF16: TRUE | AG16: TRUE | AH16: 22 | AI16: 45465 | AJ16: TRUE | AK16: {=_xlfn.LET( _xlpm.txt,TRIM(Raw_Data!F16), _xlpm.norm,SUBSTITUTE(SUBSTITUTE(_xlpm.txt,"-","/"),".","/"), _xlpm.p,_xlfn.TEXTSPLIT(_xlpm.norm,"/"), _xlpm.a,VALUE(INDEX(_xlpm.p,1)), _xlpm.b,VALUE(INDEX(_xlpm.p,2)), IF(AND(_xlpm.a<=12,_xlpm.b<=12),"REVIEW_AMBIGUOUS","OK") )} -> #REF!
A17: CL-1537 | B17: CL-1537 | C17: FALSE | D17: KEEP | E17: Client_1537 | F17: Client_1537 | G17: A Leading Utility Company | H17: Subang Jaya | I17: Subang Jaya | J17: Subang Jaya | K17: CONTACTED | L17: CONTACTED | M17: =IF(UPPER(TRIM(Table2[[#This Row],[Status_Clean]]))="CONVERTED",1,0) -> 0 | N17: =IF(ISNUMBER(MATCH(UPPER(TRIM(Table2[[#This Row],[Status_Clean]])),{"CONTACTED","QUALIFIED","CONVERTED"},0)),1,0) -> 1 | O17: {=_xlfn.SWITCH(UPPER(TRIM(Table2[[#This Row],[Status_Clean]])),"NEW",1,"CONTACTED",2,"QUALIFIED",3,"CONVERTED",4,"LOST",5,99)} -> 2 | P17: 45282 | Q17: 22/12/2023 | R17: 22/12/2023 | S17: 45282 | T17: PASS | U17: 45282 | V17: December | W17: 2023 | X17: Q4 | Y17: Friday | Z17: 2.4 days | AA17: 57.6 | AB17: {=_xlfn.LET(_xlpm.x,IFERROR(VALUE(Table2[[#This Row],[Response_Time_Hours]]),""),IF(_xlpm.x="","CHECK",_xlfn.IFS(_xlpm.x<=1,"Immediate",_xlpm.x<=6,"Fast",_xlpm.x<=24,"Moderate",_xlpm.x>24,"Delayed")))} -> Delayed | AC17: 29 | AD17: {=IF(Table2[[#This Row],[Interaction_Count_Final]]="","N/A",_xlfn.IFS(Table2[[#This Row],[Interaction_Count_Final]]<=2,"Low",Table2[[#This Row],[Interaction_Count_Final]]<=5,"Medium",Table2[[#This Row],[Interaction_Count_Final]]>=6,"High",TRUE,"CHECK"))} -> High | AE17: High | AF17: TRUE | AG17: TRUE | AH17: 23 | AI17: 45282 | AJ17: TRUE | AK17: {=_xlfn.LET( _xlpm.txt,TRIM(Raw_Data!F17), _xlpm.norm,SUBSTITUTE(SUBSTITUTE(_xlpm.txt,"-","/"),".","/"), _xlpm.p,_xlfn.TEXTSPLIT(_xlpm.norm,"/"), _xlpm.a,VALUE(INDEX(_xlpm.p,1)), _xlpm.b,VALUE(INDEX(_xlpm.p,2)), IF(AND(_xlpm.a<=12,_xlpm.b<=12),"REVIEW_AMBIGUOUS","OK") )} -> #REF!
A18: CL-0749 | B18: CL-0749 | C18: FALSE | D18: KEEP | E18: Client_749 | F18: Client_749 | G18: A Private Manufacturing Enterprise | H18: Cyberjya | I18: Cyberjya | J18: CyberJaya | K18: CONTACTED | L18: CONTACTED | M18: =IF(UPPER(TRIM(Table2[[#This Row],[Status_Clean]]))="CONVERTED",1,0) -> 0 | N18: =IF(ISNUMBER(MATCH(UPPER(TRIM(Table2[[#This Row],[Status_Clean]])),{"CONTACTED","QUALIFIED","CONVERTED"},0)),1,0) -> 1 | O18: {=_xlfn.SWITCH(UPPER(TRIM(Table2[[#This Row],[Status_Clean]])),"NEW",1,"CONTACTED",2,"QUALIFIED",3,"CONVERTED",4,"LOST",5,99)} -> 2 | P18: 05-22-2024 | Q18: 05/22/2024 | R18: 05/22/2024 | S18: 45434 | T18: PASS | U18: 45434 | V18: May | W18: 2024 | X18: Q2 | Y18: Wednesday | Z18: 6.2h | AA18: 6.2 | AB18: {=_xlfn.LET(_xlpm.x,IFERROR(VALUE(Table2[[#This Row],[Response_Time_Hours]]),""),IF(_xlpm.x="","CHECK",_xlfn.IFS(_xlpm.x<=1,"Immediate",_xlpm.x<=6,"Fast",_xlpm.x<=24,"Moderate",_xlpm.x>24,"Delayed")))} -> Moderate | AC18: 9 | AD18: {=IF(Table2[[#This Row],[Interaction_Count_Final]]="","N/A",_xlfn.IFS(Table2[[#This Row],[Interaction_Count_Final]]<=2,"Low",Table2[[#This Row],[Interaction_Count_Final]]<=5,"Medium",Table2[[#This Row],[Interaction_Count_Final]]>=6,"High",TRUE,"CHECK"))} -> High | AE18: Medium | AF18: TRUE | AG18: TRUE | AH18: 25 | AI18: 45434 | AJ18: TRUE | AK18: {=_xlfn.LET( _xlpm.txt,TRIM(Raw_Data!F18), _xlpm.norm,SUBSTITUTE(SUBSTITUTE(_xlpm.txt,"-","/"),".","/"), _xlpm.p,_xlfn.TEXTSPLIT(_xlpm.norm,"/"), _xlpm.a,VALUE(INDEX(_xlpm.p,1)), _xlpm.b,VALUE(INDEX(_xlpm.p,2)), IF(AND(_xlpm.a<=12,_xlpm.b<=12),"REVIEW_AMBIGUOUS","OK") )} -> OK
A19: CL-0463 | B19: CL-0463 | C19: FALSE | D19: KEEP | E19: Client_463 | F19: Client_463 | G19: A Leading Utility Company | H19: Kuching | I19: Kuching | J19: Kuching | K19: QUALIFIED | L19: QUALIFIED | M19: =IF(UPPER(TRIM(Table2[[#This Row],[Status_Clean]]))="CONVERTED",1,0) -> 0 | N19: =IF(ISNUMBER(MATCH(UPPER(TRIM(Table2[[#This Row],[Status_Clean]])),{"CONTACTED","QUALIFIED","CONVERTED"},0)),1,0) -> 1 | O19: {=_xlfn.SWITCH(UPPER(TRIM(Table2[[#This Row],[Status_Clean]])),"NEW",1,"CONTACTED",2,"QUALIFIED",3,"CONVERTED",4,"LOST",5,99)} -> 3 | P19: 45455 | Q19: 12/06/2024 | R19: 12/06/2024 | S19: 45455 | T19: PASS | U19: 45455 | V19: June | W19: 2024 | X19: Q2 | Y19: Wednesday | Z19: 18.3 | AA19: 18.3 | AB19: {=_xlfn.LET(_xlpm.x,IFERROR(VALUE(Table2[[#This Row],[Response_Time_Hours]]),""),IF(_xlpm.x="","CHECK",_xlfn.IFS(_xlpm.x<=1,"Immediate",_xlpm.x<=6,"Fast",_xlpm.x<=24,"Moderate",_xlpm.x>24,"Delayed")))} -> Moderate | AC19: 48 | AD19: {=IF(Table2[[#This Row],[Interaction_Count_Final]]="","N/A",_xlfn.IFS(Table2[[#This Row],[Interaction_Count_Final]]<=2,"Low",Table2[[#This Row],[Interaction_Count_Final]]<=5,"Medium",Table2[[#This Row],[Interaction_Count_Final]]>=6,"High",TRUE,"CHECK"))} -> High | AE19: Medium | AF19: TRUE | AG19: TRUE | AH19: 26 | AI19: 45455 | AJ19: TRUE | AK19: {=_xlfn.LET( _xlpm.txt,TRIM(Raw_Data!F19), _xlpm.norm,SUBSTITUTE(SUBSTITUTE(_xlpm.txt,"-","/"),".","/"), _xlpm.p,_xlfn.TEXTSPLIT(_xlpm.norm,"/"), _xlpm.a,VALUE(INDEX(_xlpm.p,1)), _xlpm.b,VALUE(INDEX(_xlpm.p,2)), IF(AND(_xlpm.a<=12,_xlpm.b<=12),"REVIEW_AMBIGUOUS","OK") )} -> #REF!
A20: CL-1743 | B20: CL-1743 | C20: FALSE | D20: KEEP | E20: Client_1743 | F20: Client_1743 | G20: A Private Manufacturing Enterprise | H20: Peneng | I20: Peneng | J20: Penang | K20: QUALIFIED | L20: QUALIFIED | M20: =IF(UPPER(TRIM(Table2[[#This Row],[Status_Clean]]))="CONVERTED",1,0) -> 0 | N20: =IF(ISNUMBER(MATCH(UPPER(TRIM(Table2[[#This Row],[Status_Clean]])),{"CONTACTED","QUALIFIED","CONVERTED"},0)),1,0) -> 1 | O20: {=_xlfn.SWITCH(UPPER(TRIM(Table2[[#This Row],[Status_Clean]])),"NEW",1,"CONTACTED",2,"QUALIFIED",3,"CONVERTED",4,"LOST",5,99)} -> 3 | P20: 44938 | Q20: 12/01/2023 | R20: 12/01/2023 | S20: 44938 | T20: PASS | U20: 44938 | V20: January | W20: 2023 | X20: Q1 | Y20: Thursday | Z20: 40.0 hrs | AA20: 40 | AB20: {=_xlfn.LET(_xlpm.x,IFERROR(VALUE(Table2[[#This Row],[Response_Time_Hours]]),""),IF(_xlpm.x="","CHECK",_xlfn.IFS(_xlpm.x<=1,"Immediate",_xlpm.x<=6,"Fast",_xlpm.x<=24,"Moderate",_xlpm.x>24,"Delayed")))} -> Delayed | AC20: 11 | AD20: {=IF(Table2[[#This Row],[Interaction_Count_Final]]="","N/A",_xlfn.IFS(Table2[[#This Row],[Interaction_Count_Final]]<=2,"Low",Table2[[#This Row],[Interaction_Count_Final]]<=5,"Medium",Table2[[#This Row],[Interaction_Count_Final]]>=6,"High",TRUE,"CHECK"))} -> High | AE20: High | AF20: TRUE | AG20: TRUE | AH20: 27 | AI20: 44938 | AJ20: TRUE | AK20: {=_xlfn.LET( _xlpm.txt,TRIM(Raw_Data!F20), _xlpm.norm,SUBSTITUTE(SUBSTITUTE(_xlpm.txt,"-","/"),".","/"), _xlpm.p,_xlfn.TEXTSPLIT(_xlpm.norm,"/"), _xlpm.a,VALUE(INDEX(_xlpm.p,1)), _xlpm.b,VALUE(INDEX(_xlpm.p,2)), IF(AND(_xlpm.a<=12,_xlpm.b<=12),"REVIEW_AMBIGUOUS","OK") )} -> #REF!
A21: CL-0010 | B21: CL-0010 | C21: FALSE | D21: KEEP | E21: Client_010 | F21: Client_010 | G21: A Leading Utility Company | H21: Putrajaya | I21: Putrajaya | J21: Putrajaya | K21: QUALIFEID | L21: QUALIFIED | M21: =IF(UPPER(TRIM(Table2[[#This Row],[Status_Clean]]))="CONVERTED",1,0) -> 0 | N21: =IF(ISNUMBER(MATCH(UPPER(TRIM(Table2[[#This Row],[Status_Clean]])),{"CONTACTED","QUALIFIED","CONVERTED"},0)),1,0) -> 1 | O21: {=_xlfn.SWITCH(UPPER(TRIM(Table2[[#This Row],[Status_Clean]])),"NEW",1,"CONTACTED",2,"QUALIFIED",3,"CONVERTED",4,"LOST",5,99)} -> 3 | P21: September 13, 2024 | Q21: September 13 2024 | R21: September 13 2024 | S21: 45548 | T21: PASS | U21: 45548 | V21: September | W21: 2024 | X21: Q3 | Y21: Friday | Z21: 54 | AA21: 64.7 | AB21: {=_xlfn.LET(_xlpm.x,IFERROR(VALUE(Table2[[#This Row],[Response_Time_Hours]]),""),IF(_xlpm.x="","CHECK",_xlfn.IFS(_xlpm.x<=1,"Immediate",_xlpm.x<=6,"Fast",_xlpm.x<=24,"Moderate",_xlpm.x>24,"Delayed")))} -> Delayed | AC21: 9 | AD21: {=IF(Table2[[#This Row],[Interaction_Count_Final]]="","N/A",_xlfn.IFS(Table2[[#This Row],[Interaction_Count_Final]]<=2,"Low",Table2[[#This Row],[Interaction_Count_Final]]<=5,"Medium",Table2[[#This Row],[Interaction_Count_Final]]>=6,"High",TRUE,"CHECK"))} -> High | AE21: Medium | AF21: TRUE | AG21: TRUE | AH21: 28 | AI21: 45548 | AJ21: TRUE | AK21: {=_xlfn.LET( _xlpm.txt,TRIM(Raw_Data!F21), _xlpm.norm,SUBSTITUTE(SUBSTITUTE(_xlpm.txt,"-","/"),".","/"), _xlpm.p,_xlfn.TEXTSPLIT(_xlpm.norm,"/"), _xlpm.a,VALUE(INDEX(_xlpm.p,1)), _xlpm.b,VALUE(INDEX(_xlpm.p,2)), IF(AND(_xlpm.a<=12,_xlpm.b<=12),"REVIEW_AMBIGUOUS","OK") )} -> #REF!
A22: CL-0162 | B22: CL-0162 | C22: FALSE | D22: KEEP | E22: Client_162 | F22: Client_162 | G22: A Regional Financial Institution | H22: Putrajaya | I22: Putrajaya | J22: Putrajaya | K22: CONVERTED | L22: CONVERTED | M22: =IF(UPPER(TRIM(Table2[[#This Row],[Status_Clean]]))="CONVERTED",1,0) -> 1 | N22: =IF(ISNUMBER(MATCH(UPPER(TRIM(Table2[[#This Row],[Status_Clean]])),{"CONTACTED","QUALIFIED","CONVERTED"},0)),1,0) -> 1 | O22: {=_xlfn.SWITCH(UPPER(TRIM(Table2[[#This Row],[Status_Clean]])),"NEW",1,"CONTACTED",2,"QUALIFIED",3,"CONVERTED",4,"LOST",5,99)} -> 4 | P22: 45573 | Q22: 08/10/2024 | R22: 08/10/2024 | S22: 45573 | T22: PASS | U22: 45573 | V22: October | W22: 2024 | X22: Q4 | Y22: Tuesday | Z22: 51.7h | AA22: 51.7 | AB22: {=_xlfn.LET(_xlpm.x,IFERROR(VALUE(Table2[[#This Row],[Response_Time_Hours]]),""),IF(_xlpm.x="","CHECK",_xlfn.IFS(_xlpm.x<=1,"Immediate",_xlpm.x<=6,"Fast",_xlpm.x<=24,"Moderate",_xlpm.x>24,"Delayed")))} -> Delayed | AC22: 7 | AD22: {=IF(Table2[[#This Row],[Interaction_Count_Final]]="","N/A",_xlfn.IFS(Table2[[#This Row],[Interaction_Count_Final]]<=2,"Low",Table2[[#This Row],[Interaction_Count_Final]]<=5,"Medium",Table2[[#This Row],[Interaction_Count_Final]]>=6,"High",TRUE,"CHECK"))} -> High | AE22: High | AF22: TRUE | AG22: TRUE | AH22: 29 | AI22: 45573 | AJ22: TRUE | AK22: {=_xlfn.LET( _xlpm.txt,TRIM(Raw_Data!F22), _xlpm.norm,SUBSTITUTE(SUBSTITUTE(_xlpm.txt,"-","/"),".","/"), _xlpm.p,_xlfn.TEXTSPLIT(_xlpm.norm,"/"), _xlpm.a,VALUE(INDEX(_xlpm.p,1)), _xlpm.b,VALUE(INDEX(_xlpm.p,2)), IF(AND(_xlpm.a<=12,_xlpm.b<=12),"REVIEW_AMBIGUOUS","OK") )} -> #REF!
A23: CL-0946 | B23: CL-0946 | C23: FALSE | D23: KEEP | E23: Client_946 | F23: Client_946 | G23: A Regional Financial Institution | H23: Kuching | I23: Kuching | J23: Kuching | K23: LOST | L23: LOST | M23: =IF(UPPER(TRIM(Table2[[#This Row],[Status_Clean]]))="CONVERTED",1,0) -> 0 | N23: =IF(ISNUMBER(MATCH(UPPER(TRIM(Table2[[#This Row],[Status_Clean]])),{"CONTACTED","QUALIFIED","CONVERTED"},0)),1,0) -> 0 | O23: {=_xlfn.SWITCH(UPPER(TRIM(Table2[[#This Row],[Status_Clean]])),"NEW",1,"CONTACTED",2,"QUALIFIED",3,"CONVERTED",4,"LOST",5,99)} -> 5 | P23: 01-18-2024 | Q23: 01/18/2024 | R23: 01/18/2024 | S23: 45309 | T23: PASS | U23: 45309 | V23: January | W23: 2024 | X23: Q1 | Y23: Thursday | Z23: 0.8 days | AA23: 19.2 | AB23: {=_xlfn.LET(_xlpm.x,IFERROR(VALUE(Table2[[#This Row],[Response_Time_Hours]]),""),IF(_xlpm.x="","CHECK",_xlfn.IFS(_xlpm.x<=1,"Immediate",_xlpm.x<=6,"Fast",_xlpm.x<=24,"Moderate",_xlpm.x>24,"Delayed")))} -> Moderate | AC23: 8 | AD23: {=IF(Table2[[#This Row],[Interaction_Count_Final]]="","N/A",_xlfn.IFS(Table2[[#This Row],[Interaction_Count_Final]]<=2,"Low",Table2[[#This Row],[Interaction_Count_Final]]<=5,"Medium",Table2[[#This Row],[Interaction_Count_Final]]>=6,"High",TRUE,"CHECK"))} -> High | AE23: Medium | AF23: TRUE | AG23: TRUE | AH23: 30 | AI23: 45309 | AJ23: TRUE | AK23: {=_xlfn.LET( _xlpm.txt,TRIM(Raw_Data!F23), _xlpm.norm,SUBSTITUTE(SUBSTITUTE(_xlpm.txt,"-","/"),".","/"), _xlpm.p,_xlfn.TEXTSPLIT(_xlpm.norm,"/"), _xlpm.a,VALUE(INDEX(_xlpm.p,1)), _xlpm.b,VALUE(INDEX(_xlpm.p,2)), IF(AND(_xlpm.a<=12,_xlpm.b<=12),"REVIEW_AMBIGUOUS","OK") )} -> OK
A24: CL-0661 | B24: CL-0661 | C24: FALSE | D24: KEEP | E24: Client_661 | F24: Client_661 | G24: A Private Manufacturing Enterprise | H24: Klang | I24: Klang | J24: Klang | K24: NEW | L24: NEW | M24: =IF(UPPER(TRIM(Table2[[#This Row],[Status_Clean]]))="CONVERTED",1,0) -> 0 | N24: =IF(ISNUMBER(MATCH(UPPER(TRIM(Table2[[#This Row],[Status_Clean]])),{"CONTACTED","QUALIFIED","CONVERTED"},0)),1,0) -> 0 | O24: {=_xlfn.SWITCH(UPPER(TRIM(Table2[[#This Row],[Status_Clean]])),"NEW",1,"CONTACTED",2,"QUALIFIED",3,"CONVERTED",4,"LOST",5,99)} -> 1 | P24: 45127 | Q24: 20/07/2023 | R24: 20/07/2023 | S24: 45127 | T24: PASS | U24: 45127 | V24: July | W24: 2023 | X24: Q3 | Y24: Thursday | Z24: 48.9 | AA24: 48.9 | AB24: {=_xlfn.LET(_xlpm.x,IFERROR(VALUE(Table2[[#This Row],[Response_Time_Hours]]),""),IF(_xlpm.x="","CHECK",_xlfn.IFS(_xlpm.x<=1,"Immediate",_xlpm.x<=6,"Fast",_xlpm.x<=24,"Moderate",_xlpm.x>24,"Delayed")))} -> Delayed | AC24: 26 | AD24: {=IF(Table2[[#This Row],[Interaction_Count_Final]]="","N/A",_xlfn.IFS(Table2[[#This Row],[Interaction_Count_Final]]<=2,"Low",Table2[[#This Row],[Interaction_Count_Final]]<=5,"Medium",Table2[[#This Row],[Interaction_Count_Final]]>=6,"High",TRUE,"CHECK"))} -> High | AE24: Medium | AF24: TRUE | AG24: TRUE | AH24: 32 | AI24: 45127 | AJ24: TRUE | AK24: {=_xlfn.LET( _xlpm.txt,TRIM(Raw_Data!F24), _xlpm.norm,SUBSTITUTE(SUBSTITUTE(_xlpm.txt,"-","/"),".","/"), _xlpm.p,_xlfn.TEXTSPLIT(_xlpm.norm,"/"), _xlpm.a,VALUE(INDEX(_xlpm.p,1)), _xlpm.b,VALUE(INDEX(_xlpm.p,2)), IF(AND(_xlpm.a<=12,_xlpm.b<=12),"REVIEW_AMBIGUOUS","OK") )} -> #REF!
A25: CL-0650 | B25: CL-0650 | C25: FALSE | D25: KEEP | E25: Client_650 | F25: Client_650 | G25: A Government Service Provider | H25: Kuching | I25: Kuching | J25: Kuching | K25: NEW | L25: NEW | M25: =IF(UPPER(TRIM(Table2[[#This Row],[Status_Clean]]))="CONVERTED",1,0) -> 0 | N25: =IF(ISNUMBER(MATCH(UPPER(TRIM(Table2[[#This Row],[Status_Clean]])),{"CONTACTED","QUALIFIED","CONVERTED"},0)),1,0) -> 0 | O25: {=_xlfn.SWITCH(UPPER(TRIM(Table2[[#This Row],[Status_Clean]])),"NEW",1,"CONTACTED",2,"QUALIFIED",3,"CONVERTED",4,"LOST",5,99)} -> 1 | P25: 10-23-2023 | Q25: 10/23/2023 | R25: 10/23/2023 | S25: 45222 | T25: PASS | U25: 45222 | V25: October | W25: 2023 | X25: Q4 | Y25: Monday | Z25: 8.5 hrs | AA25: 8.5 | AB25: {=_xlfn.LET(_xlpm.x,IFERROR(VALUE(Table2[[#This Row],[Response_Time_Hours]]),""),IF(_xlpm.x="","CHECK",_xlfn.IFS(_xlpm.x<=1,"Immediate",_xlpm.x<=6,"Fast",_xlpm.x<=24,"Moderate",_xlpm.x>24,"Delayed")))} -> Moderate | AC25: 14 | AD25: {=IF(Table2[[#This Row],[Interaction_Count_Final]]="","N/A",_xlfn.IFS(Table2[[#This Row],[Interaction_Count_Final]]<=2,"Low",Table2[[#This Row],[Interaction_Count_Final]]<=5,"Medium",Table2[[#This Row],[Interaction_Count_Final]]>=6,"High",TRUE,"CHECK"))} -> High | AE25: Low | AF25: TRUE | AG25: TRUE | AH25: 33 | AI25: 45222 | AJ25: TRUE | AK25: {=_xlfn.LET( _xlpm.txt,TRIM(Raw_Data!F25), _xlpm.norm,SUBSTITUTE(SUBSTITUTE(_xlpm.txt,"-","/"),".","/"), _xlpm.p,_xlfn.TEXTSPLIT(_xlpm.norm,"/"), _xlpm.a,VALUE(INDEX(_xlpm.p,1)), _xlpm.b,VALUE(INDEX(_xlpm.p,2)), IF(AND(_xlpm.a<=12,_xlpm.b<=12),"REVIEW_AMBIGUOUS","OK") )} -> OK
A26: CL-0822 | B26: CL-0822 | C26: FALSE | D26: KEEP | E26: Client_822 | F26: Client_822 | G26: A Regional Financial Institution | H26: Seremban | I26: Seremban | J26: Seremban | K26: QUALIFIED | L26: QUALIFIED | M26: =IF(UPPER(TRIM(Table2[[#This Row],[Status_Clean]]))="CONVERTED",1,0) -> 0 | N26: =IF(ISNUMBER(MATCH(UPPER(TRIM(Table2[[#This Row],[Status_Clean]])),{"CONTACTED","QUALIFIED","CONVERTED"},0)),1,0) -> 1 | O26: {=_xlfn.SWITCH(UPPER(TRIM(Table2[[#This Row],[Status_Clean]])),"NEW",1,"CONTACTED",2,"QUALIFIED",3,"CONVERTED",4,"LOST",5,99)} -> 3 | P26: 02-16-2024 | Q26: 02/16/2024 | R26: 02/16/2024 | S26: 45338 | T26: PASS | U26: 45338 | V26: February | W26: 2024 | X26: Q1 | Y26: Friday | Z26: 0.7 days | AA26: 16.8 | AB26: {=_xlfn.LET(_xlpm.x,IFERROR(VALUE(Table2[[#This Row],[Response_Time_Hours]]),""),IF(_xlpm.x="","CHECK",_xlfn.IFS(_xlpm.x<=1,"Immediate",_xlpm.x<=6,"Fast",_xlpm.x<=24,"Moderate",_xlpm.x>24,"Delayed")))} -> Moderate | AC26: 40 | AD26: {=IF(Table2[[#This Row],[Interaction_Count_Final]]="","N/A",_xlfn.IFS(Table2[[#This Row],[Interaction_Count_Final]]<=2,"Low",Table2[[#This Row],[Interaction_Count_Final]]<=5,"Medium",Table2[[#This Row],[Interaction_Count_Final]]>=6,"High",TRUE,"CHECK"))} -> High | AE26: Low | AF26: TRUE | AG26: TRUE | AH26: 34 | AI26: 45338 | AJ26: TRUE | AK26: {=_xlfn.LET( _xlpm.txt,TRIM(Raw_Data!F26), _xlpm.norm,SUBSTITUTE(SUBSTITUTE(_xlpm.txt,"-","/"),".","/"), _xlpm.p,_xlfn.TEXTSPLIT(_xlpm.norm,"/"), _xlpm.a,VALUE(INDEX(_xlpm.p,1)), _xlpm.b,VALUE(INDEX(_xlpm.p,2)), IF(AND(_xlpm.a<=12,_xlpm.b<=12),"REVIEW_AMBIGUOUS","OK") )} -> OK
A27: CL-2251 | B27: CL-2251 | C27: FALSE | D27: KEEP | E27: Client_2251 | F27: Client_2251 | G27: A Major Telecommunications Provider | H27: Petaling Jaya | I27: Petaling Jaya | J27: Petaling Jaya | K27: NEW | L27: NEW | M27: =IF(UPPER(TRIM(Table2[[#This Row],[Status_Clean]]))="CONVERTED",1,0) -> 0 | N27: =IF(ISNUMBER(MATCH(UPPER(TRIM(Table2[[#This Row],[Status_Clean]])),{"CONTACTED","QUALIFIED","CONVERTED"},0)),1,0) -> 0 | O27: {=_xlfn.SWITCH(UPPER(TRIM(Table2[[#This Row],[Status_Clean]])),"NEW",1,"CONTACTED",2,"QUALIFIED",3,"CONVERTED",4,"LOST",5,99)} -> 1 | P27: June 17, 2023 | Q27: June 17 2023 | R27: June 17 2023 | S27: 45094 | T27: PASS | U27: 45094 | V27: June | W27: 2023 | X27: Q2 | Y27: Saturday | Z27: 0.1 days | AA27: 2.4 | AB27: {=_xlfn.LET(_xlpm.x,IFERROR(VALUE(Table2[[#This Row],[Response_Time_Hours]]),""),IF(_xlpm.x="","CHECK",_xlfn.IFS(_xlpm.x<=1,"Immediate",_xlpm.x<=6,"Fast",_xlpm.x<=24,"Moderate",_xlpm.x>24,"Delayed")))} -> Fast | AC27: 35 | AD27: {=IF(Table2[[#This Row],[Interaction_Count_Final]]="","N/A",_xlfn.IFS(Table2[[#This Row],[Interaction_Count_Final]]<=2,"Low",Table2[[#This Row],[Interaction_Count_Final]]<=5,"Medium",Table2[[#This Row],[Interaction_Count_Final]]>=6,"High",TRUE,"CHECK"))} -> High | AE27: Low | AF27: TRUE | AG27: TRUE | AH27: 35 | AI27: 45094 | AJ27: TRUE | AK27: {=_xlfn.LET( _xlpm.txt,TRIM(Raw_Data!F27), _xlpm.norm,SUBSTITUTE(SUBSTITUTE(_xlpm.txt,"-","/"),".","/"), _xlpm.p,_xlfn.TEXTSPLIT(_xlpm.norm,"/"), _xlpm.a,VALUE(INDEX(_xlpm.p,1)), _xlpm.b,VALUE(INDEX(_xlpm.p,2)), IF(AND(_xlpm.a<=12,_xlpm.b<=12),"REVIEW_AMBIGUOUS","OK") )} -> #REF!
A28: CL-1572 | B28: CL-1572 | C28: FALSE | D28: KEEP | E28: Client_1572 | F28: Client_1572 | G28: A Leading Utility Company | H28: Kota Kinabalu | I28: Kota Kinabalu | J28: Kota Kinabalu | K28: NEW | L28: NEW | M28: =IF(UPPER(TRIM(Table2[[#This Row],[Status_Clean]]))="CONVERTED",1,0) -> 0 | N28: =IF(ISNUMBER(MATCH(UPPER(TRIM(Table2[[#This Row],[Status_Clean]])),{"CONTACTED","QUALIFIED","CONVERTED"},0)),1,0) -> 0 | O28: {=_xlfn.SWITCH(UPPER(TRIM(Table2[[#This Row],[Status_Clean]])),"NEW",1,"CONTACTED",2,"QUALIFIED",3,"CONVERTED",4,"LOST",5,99)} -> 1 | P28: 09.09.2023 | Q28: 09/09/2023 | R28: 09/09/2023 | S28: 45178 | T28: PASS | U28: 45178 | V28: September | W28: 2023 | X28: Q3 | Y28: Saturday | Z28: 67 | AA28: 67 | AB28: {=_xlfn.LET(_xlpm.x,IFERROR(VALUE(Table2[[#This Row],[Response_Time_Hours]]),""),IF(_xlpm.x="","CHECK",_xlfn.IFS(_xlpm.x<=1,"Immediate",_xlpm.x<=6,"Fast",_xlpm.x<=24,"Moderate",_xlpm.x>24,"Delayed")))} -> Delayed | AC28: 43 | AD28: {=IF(Table2[[#This Row],[Interaction_Count_Final]]="","N/A",_xlfn.IFS(Table2[[#This Row],[Interaction_Count_Final]]<=2,"Low",Table2[[#This Row],[Interaction_Count_Final]]<=5,"Medium",Table2[[#This Row],[Interaction_Count_Final]]>=6,"High",TRUE,"CHECK"))} -> High | AE28: Medium | AF28: TRUE | AG28: TRUE | AH28: 36 | AI28: 45178 | AJ28: TRUE | AK28: {=_xlfn.LET( _xlpm.txt,TRIM(Raw_Data!F28), _xlpm.norm,SUBSTITUTE(SUBSTITUTE(_xlpm.txt,"-","/"),".","/"), _xlpm.p,_xlfn.TEXTSPLIT(_xlpm.norm,"/"), _xlpm.a,VALUE(INDEX(_xlpm.p,1)), _xlpm.b,VALUE(INDEX(_xlpm.p,2)), IF(AND(_xlpm.a<=12,_xlpm.b<=12),"REVIEW_AMBIGUOUS","OK") )} -> REVIEW_AMBIGUOUS
A29: CL-2773 | B29: CL-2773 | C29: FALSE | D29: KEEP | E29: Client_2773 | F29: Client_2773 | G29: A Private Manufacturing Enterprise | H29: Klang | I29: Klang | J29: Klang | K29: LOST | L29: LOST | M29: =IF(UPPER(TRIM(Table2[[#This Row],[Status_Clean]]))="CONVERTED",1,0) -> 0 | N29: =IF(ISNUMBER(MATCH(UPPER(TRIM(Table2[[#This Row],[Status_Clean]])),{"CONTACTED","QUALIFIED","CONVERTED"},0)),1,0) -> 0 | O29: {=_xlfn.SWITCH(UPPER(TRIM(Table2[[#This Row],[Status_Clean]])),"NEW",1,"CONTACTED",2,"QUALIFIED",3,"CONVERTED",4,"LOST",5,99)} -> 5 | P29: 28.09.2024 | Q29: 28/09/2024 | R29: 28/09/2024 | S29: 45563 | T29: PASS | U29: 45563 | V29: September | W29: 2024 | X29: Q3 | Y29: Saturday | Z29: 2.4 hrs | AA29: 2.4 | AB29: {=_xlfn.LET(_xlpm.x,IFERROR(VALUE(Table2[[#This Row],[Response_Time_Hours]]),""),IF(_xlpm.x="","CHECK",_xlfn.IFS(_xlpm.x<=1,"Immediate",_xlpm.x<=6,"Fast",_xlpm.x<=24,"Moderate",_xlpm.x>24,"Delayed")))} -> Fast | AC29: 17 | AD29: {=IF(Table2[[#This Row],[Interaction_Count_Final]]="","N/A",_xlfn.IFS(Table2[[#This Row],[Interaction_Count_Final]]<=2,"Low",Table2[[#This Row],[Interaction_Count_Final]]<=5,"Medium",Table2[[#This Row],[Interaction_Count_Final]]>=6,"High",TRUE,"CHECK"))} -> High | AE29: High | AF29: TRUE | AG29: TRUE | AH29: 39 | AI29: 45563 | AJ29: TRUE | AK29: {=_xlfn.LET( _xlpm.txt,TRIM(Raw_Data!F29), _xlpm.norm,SUBSTITUTE(SUBSTITUTE(_xlpm.txt,"-","/"),".","/"), _xlpm.p,_xlfn.TEXTSPLIT(_xlpm.norm,"/"), _xlpm.a,VALUE(INDEX(_xlpm.p,1)), _xlpm.b,VALUE(INDEX(_xlpm.p,2)), IF(AND(_xlpm.a<=12,_xlpm.b<=12),"REVIEW_AMBIGUOUS","OK") )} -> OK
A30: CL-2897 | B30: CL-2897 | C30: FALSE | D30: KEEP | E30: Client_2897 | F30: Client_2897 | G30: A Regional Financial Institution | H30: Kota Kinabalu | I30: Kota Kinabalu | J30: Kota Kinabalu | K30: CONTACTD | L30: CONTACTED | M30: =IF(UPPER(TRIM(Table2[[#This Row],[Status_Clean]]))="CONVERTED",1,0) -> 0 | N30: =IF(ISNUMBER(MATCH(UPPER(TRIM(Table2[[#This Row],[Status_Clean]])),{"CONTACTED","QUALIFIED","CONVERTED"},0)),1,0) -> 1 | O30: {=_xlfn.SWITCH(UPPER(TRIM(Table2[[#This Row],[Status_Clean]])),"NEW",1,"CONTACTED",2,"QUALIFIED",3,"CONVERTED",4,"LOST",5,99)} -> 2 | P30: 45146 | Q30: 08/08/2023 | R30: 08/08/2023 | S30: 45146 | T30: PASS | U30: 45146 | V30: August | W30: 2023 | X30: Q3 | Y30: Tuesday | Z30: 23.2 hours | AA30: 23.2 | AB30: {=_xlfn.LET(_xlpm.x,IFERROR(VALUE(Table2[[#This Row],[Response_Time_Hours]]),""),IF(_xlpm.x="","CHECK",_xlfn.IFS(_xlpm.x<=1,"Immediate",_xlpm.x<=6,"Fast",_xlpm.x<=24,"Moderate",_xlpm.x>24,"Delayed")))} -> Moderate | AC30: 8 | AD30: {=IF(Table2[[#This Row],[Interaction_Count_Final]]="","N/A",_xlfn.IFS(Table2[[#This Row],[Interaction_Count_Final]]<=2,"Low",Table2[[#This Row],[Interaction_Count_Final]]<=5,"Medium",Table2[[#This Row],[Interaction_Count_Final]]>=6,"High",TRUE,"CHECK"))} -> High | AE30: Medium | AF30: TRUE | AG30: TRUE | AH30: 41 | AI30: 45146 | AJ30: TRUE | AK30: {=_xlfn.LET( _xlpm.txt,TRIM(Raw_Data!F30), _xlpm.norm,SUBSTITUTE(SUBSTITUTE(_xlpm.txt,"-","/"),".","/"), _xlpm.p,_xlfn.TEXTSPLIT(_xlpm.norm,"/"), _xlpm.a,VALUE(INDEX(_xlpm.p,1)), _xlpm.b,VALUE(INDEX(_xlpm.p,2)), IF(AND(_xlpm.a<=12,_xlpm.b<=12),"REVIEW_AMBIGUOUS","OK") )} -> #REF!
A31: CL-2867 | B31: CL-2867 | C31: FALSE | D31: KEEP | E31: Client_2867 | F31: Client_2867 | G31: A Leading Utility Company | H31: Shah Alam | I31: Shah Alam | J31: Shah Alam | K31: CONCTACTED | L31: CONTACTED | M31: =IF(UPPER(TRIM(Table2[[#This Row],[Status_Clean]]))="CONVERTED",1,0) -> 0 | N31: =IF(ISNUMBER(MATCH(UPPER(TRIM(Table2[[#This Row],[Status_Clean]])),{"CONTACTED","QUALIFIED","CONVERTED"},0)),1,0) -> 1 | O31: {=_xlfn.SWITCH(UPPER(TRIM(Table2[[#This Row],[Status_Clean]])),"NEW",1,"CONTACTED",2,"QUALIFIED",3,"CONVERTED",4,"LOST",5,99)} -> 2 | P31: 45481 | Q31: 08/07/2024 | R31: 08/07/2024 | S31: 45481 | T31: PASS | U31: 45481 | V31: July | W31: 2024 | X31: Q3 | Y31: Monday | Z31: 2.3 days | AA31: 55.2 | AB31: {=_xlfn.LET(_xlpm.x,IFERROR(VALUE(Table2[[#This Row],[Response_Time_Hours]]),""),IF(_xlpm.x="","CHECK",_xlfn.IFS(_xlpm.x<=1,"Immediate",_xlpm.x<=6,"Fast",_xlpm.x<=24,"Moderate",_xlpm.x>24,"Delayed")))} -> Delayed | AC31: 22 | AD31: {=IF(Table2[[#This Row],[Interaction_Count_Final]]="","N/A",_xlfn.IFS(Table2[[#This Row],[Interaction_Count_Final]]<=2,"Low",Table2[[#This Row],[Interaction_Count_Final]]<=5,"Medium",Table2[[#This Row],[Interaction_Count_Final]]>=6,"High",TRUE,"CHECK"))} -> High | AE31: High | AF31: TRUE | AG31: TRUE | AH31: 43 | AI31: 45481 | AJ31: TRUE | AK31: {=_xlfn.LET( _xlpm.txt,TRIM(Raw_Data!F31), _xlpm.norm,SUBSTITUTE(SUBSTITUTE(_xlpm.txt,"-","/"),".","/"), _xlpm.p,_xlfn.TEXTSPLIT(_xlpm.norm,"/"), _xlpm.a,VALUE(INDEX(_xlpm.p,1)), _xlpm.b,VALUE(INDEX(_xlpm.p,2)), IF(AND(_xlpm.a<=12,_xlpm.b<=12),"REVIEW_AMBIGUOUS","OK") )} -> #REF!
A32: CL-2198 | B32: CL-2198 | C32: FALSE | D32: KEEP | E32: Client_2198 | F32: Client_2198 | G32: A Major Telecommunications Provider | H32: Cyberjaya | I32: Cyberjaya | J32: CyberJaya | K32: CONVERTED | L32: CONVERTED | M32: =IF(UPPER(TRIM(Table2[[#This Row],[Status_Clean]]))="CONVERTED",1,0) -> 1 | N32: =IF(ISNUMBER(MATCH(UPPER(TRIM(Table2[[#This Row],[Status_Clean]])),{"CONTACTED","QUALIFIED","CONVERTED"},0)),1,0) -> 1 | O32: {=_xlfn.SWITCH(UPPER(TRIM(Table2[[#This Row],[Status_Clean]])),"NEW",1,"CONTACTED",2,"QUALIFIED",3,"CONVERTED",4,"LOST",5,99)} -> 4 | P32: 13.10.2024 | Q32: 13/10/2024 | R32: 13/10/2024 | S32: 45578 | T32: PASS | U32: 45578 | V32: October | W32: 2024 | X32: Q4 | Y32: Sunday | Z32: 62.5 | AA32: 62.5 | AB32: {=_xlfn.LET(_xlpm.x,IFERROR(VALUE(Table2[[#This Row],[Response_Time_Hours]]),""),IF(_xlpm.x="","CHECK",_xlfn.IFS(_xlpm.x<=1,"Immediate",_xlpm.x<=6,"Fast",_xlpm.x<=24,"Moderate",_xlpm.x>24,"Delayed")))} -> Delayed | AC32: 5 | AD32: {=IF(Table2[[#This Row],[Interaction_Count_Final]]="","N/A",_xlfn.IFS(Table2[[#This Row],[Interaction_Count_Final]]<=2,"Low",Table2[[#This Row],[Interaction_Count_Final]]<=5,"Medium",Table2[[#This Row],[Interaction_Count_Final]]>=6,"High",TRUE,"CHECK"))} -> Medium | AE32: Medium | AF32: TRUE | AG32: TRUE | AH32: 44 | AI32: 45578 | AJ32: TRUE | AK32: {=_xlfn.LET( _xlpm.txt,TRIM(Raw_Data!F32), _xlpm.norm,SUBSTITUTE(SUBSTITUTE(_xlpm.txt,"-","/"),".","/"), _xlpm.p,_xlfn.TEXTSPLIT(_xlpm.norm,"/"), _xlpm.a,VALUE(INDEX(_xlpm.p,1)), _xlpm.b,VALUE(INDEX(_xlpm.p,2)), IF(AND(_xlpm.a<=12,_xlpm.b<=12),"REVIEW_AMBIGUOUS","OK") )} -> OK
A33: CL-0752 | B33: CL-0752 | C33: FALSE | D33: KEEP | E33: Client_752 | F33: Client_752 | G33: A Private Manufacturing Enterprise | H33: Johore Bahru | I33: Johore Bahru | J33: Johor Bahru | K33: CONCTACTED | L33: CONTACTED | M33: =IF(UPPER(TRIM(Table2[[#This Row],[Status_Clean]]))="CONVERTED",1,0) -> 0 | N33: =IF(ISNUMBER(MATCH(UPPER(TRIM(Table2[[#This Row],[Status_Clean]])),{"CONTACTED","QUALIFIED","CONVERTED"},0)),1,0) -> 1 | O33: {=_xlfn.SWITCH(UPPER(TRIM(Table2[[#This Row],[Status_Clean]])),"NEW",1,"CONTACTED",2,"QUALIFIED",3,"CONVERTED",4,"LOST",5,99)} -> 2 | P33: 02-16-2023 | Q33: 02/16/2023 | R33: 02/16/2023 | S33: 44973 | T33: PASS | U33: 44973 | V33: February | W33: 2023 | X33: Q1 | Y33: Thursday | Z33: 0.9 days | AA33: 21.6 | AB33: {=_xlfn.LET(_xlpm.x,IFERROR(VALUE(Table2[[#This Row],[Response_Time_Hours]]),""),IF(_xlpm.x="","CHECK",_xlfn.IFS(_xlpm.x<=1,"Immediate",_xlpm.x<=6,"Fast",_xlpm.x<=24,"Moderate",_xlpm.x>24,"Delayed")))} -> Moderate | AC33: 49 | AD33: {=IF(Table2[[#This Row],[Interaction_Count_Final]]="","N/A",_xlfn.IFS(Table2[[#This Row],[Interaction_Count_Final]]<=2,"Low",Table2[[#This Row],[Interaction_Count_Final]]<=5,"Medium",Table2[[#This Row],[Interaction_Count_Final]]>=6,"High",TRUE,"CHECK"))} -> High | AE33: Medium | AF33: TRUE | AG33: TRUE | AH33: 45 | AI33: 44973 | AJ33: TRUE | AK33: {=_xlfn.LET( _xlpm.txt,TRIM(Raw_Data!F33), _xlpm.norm,SUBSTITUTE(SUBSTITUTE(_xlpm.txt,"-","/"),".","/"), _xlpm.p,_xlfn.TEXTSPLIT(_xlpm.norm,"/"), _xlpm.a,VALUE(INDEX(_xlpm.p,1)), _xlpm.b,VALUE(INDEX(_xlpm.p,2)), IF(AND(_xlpm.a<=12,_xlpm.b<=12),"REVIEW_AMBIGUOUS","OK") )} -> OK
A34: CL-1840 | B34: CL-1840 | C34: FALSE | D34: KEEP | E34: Client_1840 | F34: Client_1840 | G34: A Private Manufacturing Enterprise | H34: Peneng | I34: Peneng | J34: Penang | K34: CONCTACTED | L34: CONTACTED | M34: =IF(UPPER(TRIM(Table2[[#This Row],[Status_Clean]]))="CONVERTED",1,0) -> 0 | N34: =IF(ISNUMBER(MATCH(UPPER(TRIM(Table2[[#This Row],[Status_Clean]])),{"CONTACTED","QUALIFIED","CONVERTED"},0)),1,0) -> 1 | O34: {=_xlfn.SWITCH(UPPER(TRIM(Table2[[#This Row],[Status_Clean]])),"NEW",1,"CONTACTED",2,"QUALIFIED",3,"CONVERTED",4,"LOST",5,99)} -> 2 | P34: 45179 | Q34: 10/09/2023 | R34: 10/09/2023 | S34: 45179 | T34: PASS | U34: 45179 | V34: September | W34: 2023 | X34: Q3 | Y34: Sunday | Z34: 45.9 | AA34: 45.9 | AB34: {=_xlfn.LET(_xlpm.x,IFERROR(VALUE(Table2[[#This Row],[Response_Time_Hours]]),""),IF(_xlpm.x="","CHECK",_xlfn.IFS(_xlpm.x<=1,"Immediate",_xlpm.x<=6,"Fast",_xlpm.x<=24,"Moderate",_xlpm.x>24,"Delayed")))} -> Delayed | AC34: 15 | AD34: {=IF(Table2[[#This Row],[Interaction_Count_Final]]="","N/A",_xlfn.IFS(Table2[[#This Row],[Interaction_Count_Final]]<=2,"Low",Table2[[#This Row],[Interaction_Count_Final]]<=5,"Medium",Table2[[#This Row],[Interaction_Count_Final]]>=6,"High",TRUE,"CHECK"))} -> High | AE34: Low | AF34: TRUE | AG34: TRUE | AH34: 46 | AI34: 45179 | AJ34: TRUE | AK34: {=_xlfn.LET( _xlpm.txt,TRIM(Raw_Data!F34), _xlpm.norm,SUBSTITUTE(SUBSTITUTE(_xlpm.txt,"-","/"),".","/"), _xlpm.p,_xlfn.TEXTSPLIT(_xlpm.norm,"/"), _xlpm.a,VALUE(INDEX(_xlpm.p,1)), _xlpm.b,VALUE(INDEX(_xlpm.p,2)), IF(AND(_xlpm.a<=12,_xlpm.b<=12),"REVIEW_AMBIGUOUS","OK") )} -> #REF!
A35: CL-1742 | B35: CL-1742 | C35: FALSE | D35: KEEP | E35: Client_1742 | F35: Client_1742 | G35: A Government Service Provider | H35: Alor Setar | I35: Alor Setar | J35: Alor Setar | K35: NEW | L35: NEW | M35: =IF(UPPER(TRIM(Table2[[#This Row],[Status_Clean]]))="CONVERTED",1,0) -> 0 | N35: =IF(ISNUMBER(MATCH(UPPER(TRIM(Table2[[#This Row],[Status_Clean]])),{"CONTACTED","QUALIFIED","CONVERTED"},0)),1,0) -> 0 | O35: {=_xlfn.SWITCH(UPPER(TRIM(Table2[[#This Row],[Status_Clean]])),"NEW",1,"CONTACTED",2,"QUALIFIED",3,"CONVERTED",4,"LOST",5,99)} -> 1 | P35: 45260 | Q35: 30/11/2023 | R35: 30/11/2023 | S35: 45260 | T35: PASS | U35: 45260 | V35: November | W35: 2023 | X35: Q4 | Y35: Thursday | Z35: 2.9 days | AA35: 69.6 | AB35: {=_xlfn.LET(_xlpm.x,IFERROR(VALUE(Table2[[#This Row],[Response_Time_Hours]]),""),IF(_xlpm.x="","CHECK",_xlfn.IFS(_xlpm.x<=1,"Immediate",_xlpm.x<=6,"Fast",_xlpm.x<=24,"Moderate",_xlpm.x>24,"Delayed")))} -> Delayed | AC35: 27 | AD35: {=IF(Table2[[#This Row],[Interaction_Count_Final]]="","N/A",_xlfn.IFS(Table2[[#This Row],[Interaction_Count_Final]]<=2,"Low",Table2[[#This Row],[Interaction_Count_Final]]<=5,"Medium",Table2[[#This Row],[Interaction_Count_Final]]>=6,"High",TRUE,"CHECK"))} -> High | AE35: Medium | AF35: TRUE | AG35: TRUE | AH35: 47 | AI35: 45260 | AJ35: TRUE | AK35: {=_xlfn.LET( _xlpm.txt,TRIM(Raw_Data!F35), _xlpm.norm,SUBSTITUTE(SUBSTITUTE(_xlpm.txt,"-","/"),".","/"), _xlpm.p,_xlfn.TEXTSPLIT(_xlpm.norm,"/"), _xlpm.a,VALUE(INDEX(_xlpm.p,1)), _xlpm.b,VALUE(INDEX(_xlpm.p,2)), IF(AND(_xlpm.a<=12,_xlpm.b<=12),"REVIEW_AMBIGUOUS","OK") )} -> #REF!
A36: CL-2549 | B36: CL-2549 | C36: FALSE | D36: KEEP | E36: Client_2549 | F36: Client_2549 | G36: A Leading Utility Company | H36: Subang Jaya | I36: Subang Jaya | J36: Subang Jaya | K36: NEW | L36: NEW | M36: =IF(UPPER(TRIM(Table2[[#This Row],[Status_Clean]]))="CONVERTED",1,0) -> 0 | N36: =IF(ISNUMBER(MATCH(UPPER(TRIM(Table2[[#This Row],[Status_Clean]])),{"CONTACTED","QUALIFIED","CONVERTED"},0)),1,0) -> 0 | O36: {=_xlfn.SWITCH(UPPER(TRIM(Table2[[#This Row],[Status_Clean]])),"NEW",1,"CONTACTED",2,"QUALIFIED",3,"CONVERTED",4,"LOST",5,99)} -> 1 | P36: 45463 | Q36: 20/06/2024 | R36: 20/06/2024 | S36: 45463 | T36: PASS | U36: 45463 | V36: June | W36: 2024 | X36: Q2 | Y36: Thursday | Z36: 1.7 | AA36: 1.7 | AB36: {=_xlfn.LET(_xlpm.x,IFERROR(VALUE(Table2[[#This Row],[Response_Time_Hours]]),""),IF(_xlpm.x="","CHECK",_xlfn.IFS(_xlpm.x<=1,"Immediate",_xlpm.x<=6,"Fast",_xlpm.x<=24,"Moderate",_xlpm.x>24,"Delayed")))} -> Fast | AC36: 3 | AD36: {=IF(Table2[[#This Row],[Interaction_Count_Final]]="","N/A",_xlfn.IFS(Table2[[#This Row],[Interaction_Count_Final]]<=2,"Low",Table2[[#This Row],[Interaction_Count_Final]]<=5,"Medium",Table2[[#This Row],[Interaction_Count_Final]]>=6,"High",TRUE,"CHECK"))} -> Medium | AE36: Medium | AF36: TRUE | AG36: TRUE | AH36: 48 | AI36: 45463 | AJ36: TRUE | AK36: {=_xlfn.LET( _xlpm.txt,TRIM(Raw_Data!F36), _xlpm.norm,SUBSTITUTE(SUBSTITUTE(_xlpm.txt,"-","/"),".","/"), _xlpm.p,_xlfn.TEXTSPLIT(_xlpm.norm,"/"), _xlpm.a,VALUE(INDEX(_xlpm.p,1)), _xlpm.b,VALUE(INDEX(_xlpm.p,2)), IF(AND(_xlpm.a<=12,_xlpm.b<=12),"REVIEW_AMBIGUOUS","OK") )} -> #REF!
A37: CL-2909 | B37: CL-2909 | C37: FALSE | D37: KEEP | E37: Client_2909 | F37: Client_2909 | G37: A Private Manufacturing Enterprise | H37: Kota Kinabalu | I37: Kota Kinabalu | J37: Kota Kinabalu | K37: QUALIFIED | L37: QUALIFIED | M37: =IF(UPPER(TRIM(Table2[[#This Row],[Status_Clean]]))="CONVERTED",1,0) -> 0 | N37: =IF(ISNUMBER(MATCH(UPPER(TRIM(Table2[[#This Row],[Status_Clean]])),{"CONTACTED","QUALIFIED","CONVERTED"},0)),1,0) -> 1 | O37: {=_xlfn.SWITCH(UPPER(TRIM(Table2[[#This Row],[Status_Clean]])),"NEW",1,"CONTACTED",2,"QUALIFIED",3,"CONVERTED",4,"LOST",5,99)} -> 3 | P37: 28.04.2023 | Q37: 28/04/2023 | R37: 28/04/2023 | S37: 45044 | T37: PASS | U37: 45044 | V37: April | W37: 2023 | X37: Q2 | Y37: Friday | Z37: 40 | AA37: 40 | AB37: {=_xlfn.LET(_xlpm.x,IFERROR(VALUE(Table2[[#This Row],[Response_Time_Hours]]),""),IF(_xlpm.x="","CHECK",_xlfn.IFS(_xlpm.x<=1,"Immediate",_xlpm.x<=6,"Fast",_xlpm.x<=24,"Moderate",_xlpm.x>24,"Delayed")))} -> Delayed | AC37: 36 | AD37: {=IF(Table2[[#This Row],[Interaction_Count_Final]]="","N/A",_xlfn.IFS(Table2[[#This Row],[Interaction_Count_Final]]<=2,"Low",Table2[[#This Row],[Interaction_Count_Final]]<=5,"Medium",Table2[[#This Row],[Interaction_Count_Final]]>=6,"High",TRUE,"CHECK"))} -> High | AE37: Medium | AF37: TRUE | AG37: TRUE | AH37: 49 | AI37: 45044 | AJ37: TRUE | AK37: {=_xlfn.LET( _xlpm.txt,TRIM(Raw_Data!F37), _xlpm.norm,SUBSTITUTE(SUBSTITUTE(_xlpm.txt,"-","/"),".","/"), _xlpm.p,_xlfn.TEXTSPLIT(_xlpm.norm,"/"), _xlpm.a,VALUE(INDEX(_xlpm.p,1)), _xlpm.b,VALUE(INDEX(_xlpm.p,2)), IF(AND(_xlpm.a<=12,_xlpm.b<=12),"REVIEW_AMBIGUOUS","OK") )} -> OK
A38: CL-1039 | B38: CL-1039 | C38: FALSE | D38: KEEP | E38: Client_1039 | F38: Client_1039 | G38: A Regional Financial Institution | H38: Alor Setar | I38: Alor Setar | J38: Alor Setar | K38: NEW | L38: NEW | M38: =IF(UPPER(TRIM(Table2[[#This Row],[Status_Clean]]))="CONVERTED",1,0) -> 0 | N38: =IF(ISNUMBER(MATCH(UPPER(TRIM(Table2[[#This Row],[Status_Clean]])),{"CONTACTED","QUALIFIED","CONVERTED"},0)),1,0) -> 0 | O38: {=_xlfn.SWITCH(UPPER(TRIM(Table2[[#This Row],[Status_Clean]])),"NEW",1,"CONTACTED",2,"QUALIFIED",3,"CONVERTED",4,"LOST",5,99)} -> 1 | P38: 45082 | Q38: 05/06/2023 | R38: 05/06/2023 | S38: 45082 | T38: PASS | U38: 45082 | V38: June | W38: 2023 | X38: Q2 | Y38: Monday | Z38: 64.5 | AA38: 64.5 | AB38: {=_xlfn.LET(_xlpm.x,IFERROR(VALUE(Table2[[#This Row],[Response_Time_Hours]]),""),IF(_xlpm.x="","CHECK",_xlfn.IFS(_xlpm.x<=1,"Immediate",_xlpm.x<=6,"Fast",_xlpm.x<=24,"Moderate",_xlpm.x>24,"Delayed")))} -> Delayed | AC38: N/A | AD38: {=IF(Table2[[#This Row],[Interaction_Count_Final]]="","N/A",_xlfn.IFS(Table2[[#This Row],[Interaction_Count_Final]]<=2,"Low",Table2[[#This Row],[Interaction_Count_Final]]<=5,"Medium",Table2[[#This Row],[Interaction_Count_Final]]>=6,"High",TRUE,"CHECK"))} -> High | AE38: Medium | AF38: TRUE | AG38: TRUE | AH38: 50 | AI38: 45082 | AJ38: TRUE | AK38: {=_xlfn.LET( _xlpm.txt,TRIM(Raw_Data!F38), _xlpm.norm,SUBSTITUTE(SUBSTITUTE(_xlpm.txt,"-","/"),".","/"), _xlpm.p,_xlfn.TEXTSPLIT(_xlpm.norm,"/"), _xlpm.a,VALUE(INDEX(_xlpm.p,1)), _xlpm.b,VALUE(INDEX(_xlpm.p,2)), IF(AND(_xlpm.a<=12,_xlpm.b<=12),"REVIEW_AMBIGUOUS","OK") )} -> #REF!
A39: CL-2176 | B39: CL-2176 | C39: FALSE | D39: KEEP | E39: Client_2176 | F39: Client_2176 | G39: A Government Service Provider | H39: Kuala Lumpr | I39: Kuala Lumpr | J39: Kuala Lumpur | K39: LOST | L39: LOST | M39: =IF(UPPER(TRIM(Table2[[#This Row],[Status_Clean]]))="CONVERTED",1,0) -> 0 | N39: =IF(ISNUMBER(MATCH(UPPER(TRIM(Table2[[#This Row],[Status_Clean]])),{"CONTACTED","QUALIFIED","CONVERTED"},0)),1,0) -> 0 | O39: {=_xlfn.SWITCH(UPPER(TRIM(Table2[[#This Row],[Status_Clean]])),"NEW",1,"CONTACTED",2,"QUALIFIED",3,"CONVERTED",4,"LOST",5,99)} -> 5 | P39: 45106 | Q39: 29/06/2023 | R39: 29/06/2023 | S39: 45106 | T39: PASS | U39: 45106 | V39: June | W39: 2023 | X39: Q2 | Y39: Thursday | Z39: 41 | AA39: 41 | AB39: {=_xlfn.LET(_xlpm.x,IFERROR(VALUE(Table2[[#This Row],[Response_Time_Hours]]),""),IF(_xlpm.x="","CHECK",_xlfn.IFS(_xlpm.x<=1,"Immediate",_xlpm.x<=6,"Fast",_xlpm.x<=24,"Moderate",_xlpm.x>24,"Delayed")))} -> Delayed | AC39: 23 | AD39: {=IF(Table2[[#This Row],[Interaction_Count_Final]]="","N/A",_xlfn.IFS(Table2[[#This Row],[Interaction_Count_Final]]<=2,"Low",Table2[[#This Row],[Interaction_Count_Final]]<=5,"Medium",Table2[[#This Row],[Interaction_Count_Final]]>=6,"High",TRUE,"CHECK"))} -> High | AE39: High | AF39: TRUE | AG39: TRUE | AH39: 52 | AI39: 45106 | AJ39: TRUE | AK39: {=_xlfn.LET( _xlpm.txt,TRIM(Raw_Data!F39), _xlpm.norm,SUBSTITUTE(SUBSTITUTE(_xlpm.txt,"-","/"),".","/"), _xlpm.p,_xlfn.TEXTSPLIT(_xlpm.norm,"/"), _xlpm.a,VALUE(INDEX(_xlpm.p,1)), _xlpm.b,VALUE(INDEX(_xlpm.p,2)), IF(AND(_xlpm.a<=12,_xlpm.b<=12),"REVIEW_AMBIGUOUS","OK") )} -> #REF!
A40: CL-0820 | B40: CL-0820 | C40: FALSE | D40: KEEP | E40: Client_820 | F40: Client_820 | G40: A Leading Utility Company | H40: Subang Jaya | I40: Subang Jaya | J40: Subang Jaya | K40: QUALIFIED | L40: QUALIFIED | M40: =IF(UPPER(TRIM(Table2[[#This Row],[Status_Clean]]))="CONVERTED",1,0) -> 0 | N40: =IF(ISNUMBER(MATCH(UPPER(TRIM(Table2[[#This Row],[Status_Clean]])),{"CONTACTED","QUALIFIED","CONVERTED"},0)),1,0) -> 1 | O40: {=_xlfn.SWITCH(UPPER(TRIM(Table2[[#This Row],[Status_Clean]])),"NEW",1,"CONTACTED",2,"QUALIFIED",3,"CONVERTED",4,"LOST",5,99)} -> 3 | P40: 08.04.2023 | Q40: 08/04/2023 | R40: 08/04/2023 | S40: 45142 | T40: PASS | U40: 45142 | V40: August | W40: 2023 | X40: Q3 | Y40: Friday | Z40: 70.2 | AA40: 70.2 | AB40: {=_xlfn.LET(_xlpm.x,IFERROR(VALUE(Table2[[#This Row],[Response_Time_Hours]]),""),IF(_xlpm.x="","CHECK",_xlfn.IFS(_xlpm.x<=1,"Immediate",_xlpm.x<=6,"Fast",_xlpm.x<=24,"Moderate",_xlpm.x>24,"Delayed")))} -> Delayed | AC40: 45 | AD40: {=IF(Table2[[#This Row],[Interaction_Count_Final]]="","N/A",_xlfn.IFS(Table2[[#This Row],[Interaction_Count_Final]]<=2,"Low",Table2[[#This Row],[Interaction_Count_Final]]<=5,"Medium",Table2[[#This Row],[Interaction_Count_Final]]>=6,"High",TRUE,"CHECK"))} -> High | AE40: Low | AF40: TRUE | AG40: TRUE | AH40: 53 | AI40: 45142 | AJ40: TRUE | AK40: {=_xlfn.LET( _xlpm.txt,TRIM(Raw_Data!F40), _xlpm.norm,SUBSTITUTE(SUBSTITUTE(_xlpm.txt,"-","/"),".","/"), _xlpm.p,_xlfn.TEXTSPLIT(_xlpm.norm,"/"), _xlpm.a,VALUE(INDEX(_xlpm.p,1)), _xlpm.b,VALUE(INDEX(_xlpm.p,2)), IF(AND(_xlpm.a<=12,_xlpm.b<=12),"REVIEW_AMBIGUOUS","OK") )} -> REVIEW_AMBIGUOUS
A41: CL-1246 | B41: CL-1246 | C41: FALSE | D41: KEEP | E41: Client_1246 | F41: Client_1246 | G41: A Government Service Provider | H41: Klang | I41: Klang | J41: Klang | K41: NW | L41: NEW | M41: =IF(UPPER(TRIM(Table2[[#This Row],[Status_Clean]]))="CONVERTED",1,0) -> 0 | N41: =IF(ISNUMBER(MATCH(UPPER(TRIM(Table2[[#This Row],[Status_Clean]])),{"CONTACTED","QUALIFIED","CONVERTED"},0)),1,0) -> 0 | O41: {=_xlfn.SWITCH(UPPER(TRIM(Table2[[#This Row],[Status_Clean]])),"NEW",1,"CONTACTED",2,"QUALIFIED",3,"CONVERTED",4,"LOST",5,99)} -> 1 | P41: 45026 | Q41: 10/04/2023 | R41: 10/04/2023 | S41: 45026 | T41: PASS | U41: 45026 | V41: April | W41: 2023 | X41: Q2 | Y41: Monday | Z41: 23.7 | AA41: 23.7 | AB41: {=_xlfn.LET(_xlpm.x,IFERROR(VALUE(Table2[[#This Row],[Response_Time_Hours]]),""),IF(_xlpm.x="","CHECK",_xlfn.IFS(_xlpm.x<=1,"Immediate",_xlpm.x<=6,"Fast",_xlpm.x<=24,"Moderate",_xlpm.x>24,"Delayed")))} -> Moderate | AC41: 47 | AD41: {=IF(Table2[[#This Row],[Interaction_Count_Final]]="","N/A",_xlfn.IFS(Table2[[#This Row],[Interaction_Count_Final]]<=2,"Low",Table2[[#This Row],[Interaction_Count_Final]]<=5,"Medium",Table2[[#This Row],[Interaction_Count_Final]]>=6,"High",TRUE,"CHECK"))} -> High | AE41: High | AF41: TRUE | AG41: TRUE | AH41: 55 | AI41: 45026 | AJ41: TRUE | AK41: {=_xlfn.LET( _xlpm.txt,TRIM(Raw_Data!F41), _xlpm.norm,SUBSTITUTE(SUBSTITUTE(_xlpm.txt,"-","/"),".","/"), _xlpm.p,_xlfn.TEXTSPLIT(_xlpm.norm,"/"), _xlpm.a,VALUE(INDEX(_xlpm.p,1)), _xlpm.b,VALUE(INDEX(_xlpm.p,2)), IF(AND(_xlpm.a<=12,_xlpm.b<=12),"REVIEW_AMBIGUOUS","OK") )} -> #REF!
A42: CL-1595 | B42: CL-1595 | C42: FALSE | D42: KEEP | E42: Client_1595 | F42: Client_1595 | G42: A Regional Financial Institution | H42: Shah Alam | I42: Shah Alam | J42: Shah Alam | K42: NEW | L42: NEW | M42: =IF(UPPER(TRIM(Table2[[#This Row],[Status_Clean]]))="CONVERTED",1,0) -> 0 | N42: =IF(ISNUMBER(MATCH(UPPER(TRIM(Table2[[#This Row],[Status_Clean]])),{"CONTACTED","QUALIFIED","CONVERTED"},0)),1,0) -> 0 | O42: {=_xlfn.SWITCH(UPPER(TRIM(Table2[[#This Row],[Status_Clean]])),"NEW",1,"CONTACTED",2,"QUALIFIED",3,"CONVERTED",4,"LOST",5,99)} -> 1 | P42: 11.09.2024 | Q42: 11/09/2024 | R42: 11/09/2024 | S42: 45605 | T42: PASS | U42: 45605 | V42: November | W42: 2024 | X42: Q4 | Y42: Saturday | Z42: 29.5 hrs | AA42: 29.5 | AB42: {=_xlfn.LET(_xlpm.x,IFERROR(VALUE(Table2[[#This Row],[Response_Time_Hours]]),""),IF(_xlpm.x="","CHECK",_xlfn.IFS(_xlpm.x<=1,"Immediate",_xlpm.x<=6,"Fast",_xlpm.x<=24,"Moderate",_xlpm.x>24,"Delayed")))} -> Delayed | AC42: 45 | AD42: {=IF(Table2[[#This Row],[Interaction_Count_Final]]="","N/A",_xlfn.IFS(Table2[[#This Row],[Interaction_Count_Final]]<=2,"Low",Table2[[#This Row],[Interaction_Count_Final]]<=5,"Medium",Table2[[#This Row],[Interaction_Count_Final]]>=6,"High",TRUE,"CHECK"))} -> High | AE42: Medium | AF42: TRUE | AG42: TRUE | AH42: 56 | AI42: 45605 | AJ42: TRUE | AK42: {=_xlfn.LET( _xlpm.txt,TRIM(Raw_Data!F42), _xlpm.norm,SUBSTITUTE(SUBSTITUTE(_xlpm.txt,"-","/"),".","/"), _xlpm.p,_xlfn.TEXTSPLIT(_xlpm.norm,"/"), _xlpm.a,VALUE(INDEX(_xlpm.p,1)), _xlpm.b,VALUE(INDEX(_xlpm.p,2)), IF(AND(_xlpm.a<=12,_xlpm.b<=12),"REVIEW_AMBIGUOUS","OK") )} -> REVIEW_AMBIGUOUS
A43: CL-2733 | B43: CL-2733 | C43: FALSE | D43: KEEP | E43: Client_2733 | F43: Client_2733 | G43: A Leading Utility Company | H43: Sha Alam | I43: Sha Alam | J43: Shah Alam | K43: CONVERTED | L43: CONVERTED | M43: =IF(UPPER(TRIM(Table2[[#This Row],[Status_Clean]]))="CONVERTED",1,0) -> 1 | N43: =IF(ISNUMBER(MATCH(UPPER(TRIM(Table2[[#This Row],[Status_Clean]])),{"CONTACTED","QUALIFIED","CONVERTED"},0)),1,0) -> 1 | O43: {=_xlfn.SWITCH(UPPER(TRIM(Table2[[#This Row],[Status_Clean]])),"NEW",1,"CONTACTED",2,"QUALIFIED",3,"CONVERTED",4,"LOST",5,99)} -> 4 | P43: 13.08.2024 | Q43: 13/08/2024 | R43: 13/08/2024 | S43: 45517 | T43: PASS | U43: 45517 | V43: August | W43: 2024 | X43: Q3 | Y43: Tuesday | Z43: 1.8 days | AA43: 43.2 | AB43: {=_xlfn.LET(_xlpm.x,IFERROR(VALUE(Table2[[#This Row],[Response_Time_Hours]]),""),IF(_xlpm.x="","CHECK",_xlfn.IFS(_xlpm.x<=1,"Immediate",_xlpm.x<=6,"Fast",_xlpm.x<=24,"Moderate",_xlpm.x>24,"Delayed")))} -> Delayed | AC43: 21 | AD43: {=IF(Table2[[#This Row],[Interaction_Count_Final]]="","N/A",_xlfn.IFS(Table2[[#This Row],[Interaction_Count_Final]]<=2,"Low",Table2[[#This Row],[Interaction_Count_Final]]<=5,"Medium",Table2[[#This Row],[Interaction_Count_Final]]>=6,"High",TRUE,"CHECK"))} -> High | AE43: Medium | AF43: TRUE | AG43: TRUE | AH43: 57 | AI43: 45517 | AJ43: TRUE | AK43: {=_xlfn.LET( _xlpm.txt,TRIM(Raw_Data!F43), _xlpm.norm,SUBSTITUTE(SUBSTITUTE(_xlpm.txt,"-","/"),".","/"), _xlpm.p,_xlfn.TEXTSPLIT(_xlpm.norm,"/"), _xlpm.a,VALUE(INDEX(_xlpm.p,1)), _xlpm.b,VALUE(INDEX(_xlpm.p,2)), IF(AND(_xlpm.a<=12,_xlpm.b<=12),"REVIEW_AMBIGUOUS","OK") )} -> OK
A44: CL-1068 | B44: CL-1068 | C44: FALSE | D44: KEEP | E44: Client_1068 | F44: Client_1068 | G44: A Government Service Provider | H44: Malaka | I44: Malaka | J44: Malaka | K44: NEW | L44: NEW | M44: =IF(UPPER(TRIM(Table2[[#This Row],[Status_Clean]]))="CONVERTED",1,0) -> 0 | N44: =IF(ISNUMBER(MATCH(UPPER(TRIM(Table2[[#This Row],[Status_Clean]])),{"CONTACTED","QUALIFIED","CONVERTED"},0)),1,0) -> 0 | O44: {=_xlfn.SWITCH(UPPER(TRIM(Table2[[#This Row],[Status_Clean]])),"NEW",1,"CONTACTED",2,"QUALIFIED",3,"CONVERTED",4,"LOST",5,99)} -> 1 | P44: 45447 | Q44: 04/06/2024 | R44: 04/06/2024 | S44: 45447 | T44: PASS | U44: 45447 | V44: June | W44: 2024 | X44: Q2 | Y44: Tuesday | Z44: 26.9 | AA44: 26.9 | AB44: {=_xlfn.LET(_xlpm.x,IFERROR(VALUE(Table2[[#This Row],[Response_Time_Hours]]),""),IF(_xlpm.x="","CHECK",_xlfn.IFS(_xlpm.x<=1,"Immediate",_xlpm.x<=6,"Fast",_xlpm.x<=24,"Moderate",_xlpm.x>24,"Delayed")))} -> Delayed | AC44: 47 | AD44: {=IF(Table2[[#This Row],[Interaction_Count_Final]]="","N/A",_xlfn.IFS(Table2[[#This Row],[Interaction_Count_Final]]<=2,"Low",Table2[[#This Row],[Interaction_Count_Final]]<=5,"Medium",Table2[[#This Row],[Interaction_Count_Final]]>=6,"High",TRUE,"CHECK"))} -> High | AE44: Low | AF44: TRUE | AG44: TRUE | AH44: 58 | AI44: 45447 | AJ44: TRUE | AK44: {=_xlfn.LET( _xlpm.txt,TRIM(Raw_Data!F44), _xlpm.norm,SUBSTITUTE(SUBSTITUTE(_xlpm.txt,"-","/"),".","/"), _xlpm.p,_xlfn.TEXTSPLIT(_xlpm.norm,"/"), _xlpm.a,VALUE(INDEX(_xlpm.p,1)), _xlpm.b,VALUE(INDEX(_xlpm.p,2)), IF(AND(_xlpm.a<=12,_xlpm.b<=12),"REVIEW_AMBIGUOUS","OK") )} -> #REF!
A45: CL-2705 | B45: CL-2705 | C45: FALSE | D45: KEEP | E45: Client_2705 | F45: Client_2705 | G45: A Regional Financial Institution | H45: Subang Jaya | I45: Subang Jaya | J45: Subang Jaya | K45: CONTACTED | L45: CONTACTED | M45: =IF(UPPER(TRIM(Table2[[#This Row],[Status_Clean]]))="CONVERTED",1,0) -> 0 | N45: =IF(ISNUMBER(MATCH(UPPER(TRIM(Table2[[#This Row],[Status_Clean]])),{"CONTACTED","QUALIFIED","CONVERTED"},0)),1,0) -> 1 | O45: {=_xlfn.SWITCH(UPPER(TRIM(Table2[[#This Row],[Status_Clean]])),"NEW",1,"CONTACTED",2,"QUALIFIED",3,"CONVERTED",4,"LOST",5,99)} -> 2 | P45: 09-25-2024 | Q45: 09/25/2024 | R45: 09/25/2024 | S45: 45560 | T45: PASS | U45: 45560 | V45: September | W45: 2024 | X45: Q3 | Y45: Wednesday | Z45: 4.5 hours | AA45: 4.5 | AB45: {=_xlfn.LET(_xlpm.x,IFERROR(VALUE(Table2[[#This Row],[Response_Time_Hours]]),""),IF(_xlpm.x="","CHECK",_xlfn.IFS(_xlpm.x<=1,"Immediate",_xlpm.x<=6,"Fast",_xlpm.x<=24,"Moderate",_xlpm.x>24,"Delayed")))} -> Fast | AC45: 1 | AD45: {=IF(Table2[[#This Row],[Interaction_Count_Final]]="","N/A",_xlfn.IFS(Table2[[#This Row],[Interaction_Count_Final]]<=2,"Low",Table2[[#This Row],[Interaction_Count_Final]]<=5,"Medium",Table2[[#This Row],[Interaction_Count_Final]]>=6,"High",TRUE,"CHECK"))} -> Low | AE45: High | AF45: TRUE | AG45: TRUE | AH45: 59 | AI45: 45560 | AJ45: TRUE | AK45: {=_xlfn.LET( _xlpm.txt,TRIM(Raw_Data!F45), _xlpm.norm,SUBSTITUTE(SUBSTITUTE(_xlpm.txt,"-","/"),".","/"), _xlpm.p,_xlfn.TEXTSPLIT(_xlpm.norm,"/"), _xlpm.a,VALUE(INDEX(_xlpm.p,1)), _xlpm.b,VALUE(INDEX(_xlpm.p,2)), IF(AND(_xlpm.a<=12,_xlpm.b<=12),"REVIEW_AMBIGUOUS","OK") )} -> OK
A46: CL-1243 | B46: CL-1243 | C46: FALSE | D46: KEEP | E46: Client_1243 | F46: Client_1243 | G46: A Regional Financial Institution | H46: Petaling Jaya | I46: Petaling Jaya | J46: Petaling Jaya | K46: LOST | L46: LOST | M46: =IF(UPPER(TRIM(Table2[[#This Row],[Status_Clean]]))="CONVERTED",1,0) -> 0 | N46: =IF(ISNUMBER(MATCH(UPPER(TRIM(Table2[[#This Row],[Status_Clean]])),{"CONTACTED","QUALIFIED","CONVERTED"},0)),1,0) -> 0 | O46: {=_xlfn.SWITCH(UPPER(TRIM(Table2[[#This Row],[Status_Clean]])),"NEW",1,"CONTACTED",2,"QUALIFIED",3,"CONVERTED",4,"LOST",5,99)} -> 5 | P46: 7/16/23 | Q46: 7/16/23 | R46: 7/16/23 | S46: 45123 | T46: PASS | U46: 45123 | V46: July | W46: 2023 | X46: Q3 | Y46: Sunday | Z46: 37.3 hrs | AA46: 37.3 | AB46: {=_xlfn.LET(_xlpm.x,IFERROR(VALUE(Table2[[#This Row],[Response_Time_Hours]]),""),IF(_xlpm.x="","CHECK",_xlfn.IFS(_xlpm.x<=1,"Immediate",_xlpm.x<=6,"Fast",_xlpm.x<=24,"Moderate",_xlpm.x>24,"Delayed")))} -> Delayed | AC46: 4 | AD46: {=IF(Table2[[#This Row],[Interaction_Count_Final]]="","N/A",_xlfn.IFS(Table2[[#This Row],[Interaction_Count_Final]]<=2,"Low",Table2[[#This Row],[Interaction_Count_Final]]<=5,"Medium",Table2[[#This Row],[Interaction_Count_Final]]>=6,"High",TRUE,"CHECK"))} -> Medium | AE46: High | AF46: TRUE | AG46: TRUE | AH46: 61 | AI46: 45123 | AJ46: TRUE | AK46: {=_xlfn.LET( _xlpm.txt,TRIM(Raw_Data!F46), _xlpm.norm,SUBSTITUTE(SUBSTITUTE(_xlpm.txt,"-","/"),".","/"), _xlpm.p,_xlfn.TEXTSPLIT(_xlpm.norm,"/"), _xlpm.a,VALUE(INDEX(_xlpm.p,1)), _xlpm.b,VALUE(INDEX(_xlpm.p,2)), IF(AND(_xlpm.a<=12,_xlpm.b<=12),"REVIEW_AMBIGUOUS","OK") )} -> OK
A47: CL-2333 | B47: CL-2333 | C47: FALSE | D47: KEEP | E47: Client_2333 | F47: Client_2333 | G47: A Major Telecommunications Provider | H47: Malacca | I47: Malacca | J47: Malaka | K47: NEW | L47: NEW | M47: =IF(UPPER(TRIM(Table2[[#This Row],[Status_Clean]]))="CONVERTED",1,0) -> 0 | N47: =IF(ISNUMBER(MATCH(UPPER(TRIM(Table2[[#This Row],[Status_Clean]])),{"CONTACTED","QUALIFIED","CONVERTED"},0)),1,0) -> 0 | O47: {=_xlfn.SWITCH(UPPER(TRIM(Table2[[#This Row],[Status_Clean]])),"NEW",1,"CONTACTED",2,"QUALIFIED",3,"CONVERTED",4,"LOST",5,99)} -> 1 | P47: 45184 | Q47: 15/09/2023 | R47: 15/09/2023 | S47: 45184 | T47: PASS | U47: 45184 | V47: September | W47: 2023 | X47: Q3 | Y47: Friday | Z47: 43 | AA47: 43 | AB47: {=_xlfn.LET(_xlpm.x,IFERROR(VALUE(Table2[[#This Row],[Response_Time_Hours]]),""),IF(_xlpm.x="","CHECK",_xlfn.IFS(_xlpm.x<=1,"Immediate",_xlpm.x<=6,"Fast",_xlpm.x<=24,"Moderate",_xlpm.x>24,"Delayed")))} -> Delayed | AC47: 49 | AD47: {=IF(Table2[[#This Row],[Interaction_Count_Final]]="","N/A",_xlfn.IFS(Table2[[#This Row],[Interaction_Count_Final]]<=2,"Low",Table2[[#This Row],[Interaction_Count_Final]]<=5,"Medium",Table2[[#This Row],[Interaction_Count_Final]]>=6,"High",TRUE,"CHECK"))} -> High | AE47: High | AF47: TRUE | AG47: TRUE | AH47: 63 | AI47: 45184 | AJ47: TRUE | AK47: {=_xlfn.LET( _xlpm.txt,TRIM(Raw_Data!F47), _xlpm.norm,SUBSTITUTE(SUBSTITUTE(_xlpm.txt,"-","/"),".","/"), _xlpm.p,_xlfn.TEXTSPLIT(_xlpm.norm,"/"), _xlpm.a,VALUE(INDEX(_xlpm.p,1)), _xlpm.b,VALUE(INDEX(_xlpm.p,2)), IF(AND(_xlpm.a<=12,_xlpm.b<=12),"REVIEW_AMBIGUOUS","OK") )} -> #REF!
A48: CL-0363 | B48: CL-0363 | C48: FALSE | D48: KEEP | E48: Client_363 | F48: Client_363 | G48: A Regional Financial Institution | H48: Shah Alam | I48: Shah Alam | J48: Shah Alam | K48: NEW | L48: NEW | M48: =IF(UPPER(TRIM(Table2[[#This Row],[Status_Clean]]))="CONVERTED",1,0) -> 0 | N48: =IF(ISNUMBER(MATCH(UPPER(TRIM(Table2[[#This Row],[Status_Clean]])),{"CONTACTED","QUALIFIED","CONVERTED"},0)),1,0) -> 0 | O48: {=_xlfn.SWITCH(UPPER(TRIM(Table2[[#This Row],[Status_Clean]])),"NEW",1,"CONTACTED",2,"QUALIFIED",3,"CONVERTED",4,"LOST",5,99)} -> 1 | P48: 45333 | Q48: 11/02/2024 | R48: 11/02/2024 | S48: 45333 | T48: PASS | U48: 45333 | V48: February | W48: 2024 | X48: Q1 | Y48: Sunday | Z48: 55.2 | AA48: 55.2 | AB48: {=_xlfn.LET(_xlpm.x,IFERROR(VALUE(Table2[[#This Row],[Response_Time_Hours]]),""),IF(_xlpm.x="","CHECK",_xlfn.IFS(_xlpm.x<=1,"Immediate",_xlpm.x<=6,"Fast",_xlpm.x<=24,"Moderate",_xlpm.x>24,"Delayed")))} -> Delayed | AC48: 39 | AD48: {=IF(Table2[[#This Row],[Interaction_Count_Final]]="","N/A",_xlfn.IFS(Table2[[#This Row],[Interaction_Count_Final]]<=2,"Low",Table2[[#This Row],[Interaction_Count_Final]]<=5,"Medium",Table2[[#This Row],[Interaction_Count_Final]]>=6,"High",TRUE,"CHECK"))} -> High | AE48: High | AF48: TRUE | AG48: TRUE | AH48: 64 | AI48: 45333 | AJ48: TRUE | AK48: {=_xlfn.LET( _xlpm.txt,TRIM(Raw_Data!F48), _xlpm.norm,SUBSTITUTE(SUBSTITUTE(_xlpm.txt,"-","/"),".","/"), _xlpm.p,_xlfn.TEXTSPLIT(_xlpm.norm,"/"), _xlpm.a,VALUE(INDEX(_xlpm.p,1)), _xlpm.b,VALUE(INDEX(_xlpm.p,2)), IF(AND(_xlpm.a<=12,_xlpm.b<=12),"REVIEW_AMBIGUOUS","OK") )} -> #REF!
A49: CL-2948 | B49: CL-2948 | C49: FALSE | D49: KEEP | E49: Client_2948 | F49: Client_2948 | G49: A Major Telecommunications Provider | H49: Johor Bahru | I49: Johor Bahru | J49: Johor Bahru | K49: NEW | L49: NEW | M49: =IF(UPPER(TRIM(Table2[[#This Row],[Status_Clean]]))="CONVERTED",1,0) -> 0 | N49: =IF(ISNUMBER(MATCH(UPPER(TRIM(Table2[[#This Row],[Status_Clean]])),{"CONTACTED","QUALIFIED","CONVERTED"},0)),1,0) -> 0 | O49: {=_xlfn.SWITCH(UPPER(TRIM(Table2[[#This Row],[Status_Clean]])),"NEW",1,"CONTACTED",2,"QUALIFIED",3,"CONVERTED",4,"LOST",5,99)} -> 1 | P49: 45647 | Q49: 21/12/2024 | R49: 21/12/2024 | S49: 45647 | T49: PASS | U49: 45647 | V49: December | W49: 2024 | X49: Q4 | Y49: Saturday | Z49: 26.3 hours | AA49: 26.3 | AB49: {=_xlfn.LET(_xlpm.x,IFERROR(VALUE(Table2[[#This Row],[Response_Time_Hours]]),""),IF(_xlpm.x="","CHECK",_xlfn.IFS(_xlpm.x<=1,"Immediate",_xlpm.x<=6,"Fast",_xlpm.x<=24,"Moderate",_xlpm.x>24,"Delayed")))} -> Delayed | AC49: 5 | AD49: {=IF(Table2[[#This Row],[Interaction_Count_Final]]="","N/A",_xlfn.IFS(Table2[[#This Row],[Interaction_Count_Final]]<=2,"Low",Table2[[#This Row],[Interaction_Count_Final]]<=5,"Medium",Table2[[#This Row],[Interaction_Count_Final]]>=6,"High",TRUE,"CHECK"))} -> Medium | AE49: High | AF49: TRUE | AG49: TRUE | AH49: 65 | AI49: 45647 | AJ49: TRUE | AK49: {=_xlfn.LET( _xlpm.txt,TRIM(Raw_Data!F49), _xlpm.norm,SUBSTITUTE(SUBSTITUTE(_xlpm.txt,"-","/"),".","/"), _xlpm.p,_xlfn.TEXTSPLIT(_xlpm.norm,"/"), _xlpm.a,VALUE(INDEX(_xlpm.p,1)), _xlpm.b,VALUE(INDEX(_xlpm.p,2)), IF(AND(_xlpm.a<=12,_xlpm.b<=12),"REVIEW_AMBIGUOUS","OK") )} -> #REF!
A50: CL-0235 | B50: CL-0235 | C50: FALSE | D50: KEEP | E50: Client_235 | F50: Client_235 | G50: A Government Service Provider | H50: Putrajaya | I50: Putrajaya | J50: Putrajaya | K50: LOST | L50: LOST | M50: =IF(UPPER(TRIM(Table2[[#This Row],[Status_Clean]]))="CONVERTED",1,0) -> 0 | N50: =IF(ISNUMBER(MATCH(UPPER(TRIM(Table2[[#This Row],[Status_Clean]])),{"CONTACTED","QUALIFIED","CONVERTED"},0)),1,0) -> 0 | O50: {=_xlfn.SWITCH(UPPER(TRIM(Table2[[#This Row],[Status_Clean]])),"NEW",1,"CONTACTED",2,"QUALIFIED",3,"CONVERTED",4,"LOST",5,99)} -> 5 | P50: 45427 | Q50: 15/05/2024 | R50: 15/05/2024 | S50: 45427 | T50: PASS | U50: 45427 | V50: May | W50: 2024 | X50: Q2 | Y50: Wednesday | Z50: 71.3 | AA50: 71.3 | AB50: {=_xlfn.LET(_xlpm.x,IFERROR(VALUE(Table2[[#This Row],[Response_Time_Hours]]),""),IF(_xlpm.x="","CHECK",_xlfn.IFS(_xlpm.x<=1,"Immediate",_xlpm.x<=6,"Fast",_xlpm.x<=24,"Moderate",_xlpm.x>24,"Delayed")))} -> Delayed | AC50: 5 | AD50: {=IF(Table2[[#This Row],[Interaction_Count_Final]]="","N/A",_xlfn.IFS(Table2[[#This Row],[Interaction_Count_Final]]<=2,"Low",Table2[[#This Row],[Interaction_Count_Final]]<=5,"Medium",Table2[[#This Row],[Interaction_Count_Final]]>=6,"High",TRUE,"CHECK"))} -> Medium | AE50: Low | AF50: TRUE | AG50: TRUE | AH50: 66 | AI50: 45427 | AJ50: TRUE | AK50: {=_xlfn.LET( _xlpm.txt,TRIM(Raw_Data!F50), _xlpm.norm,SUBSTITUTE(SUBSTITUTE(_xlpm.txt,"-","/"),".","/"), _xlpm.p,_xlfn.TEXTSPLIT(_xlpm.norm,"/"), _xlpm.a,VALUE(INDEX(_xlpm.p,1)), _xlpm.b,VALUE(INDEX(_xlpm.p,2)), IF(AND(_xlpm.a<=12,_xlpm.b<=12),"REVIEW_AMBIGUOUS","OK") )} -> #REF!
A51: CL-2687 | B51: CL-2687 | C51: FALSE | D51: KEEP | E51: Client_2687 | F51: Client_2687 | G51: A Major Telecommunications Provider | H51: Petaling Jaya | I51: Petaling Jaya | J51: Petaling Jaya | K51: CONTACTED | L51: CONTACTED | M51: =IF(UPPER(TRIM(Table2[[#This Row],[Status_Clean]]))="CONVERTED",1,0) -> 0 | N51: =IF(ISNUMBER(MATCH(UPPER(TRIM(Table2[[#This Row],[Status_Clean]])),{"CONTACTED","QUALIFIED","CONVERTED"},0)),1,0) -> 1 | O51: {=_xlfn.SWITCH(UPPER(TRIM(Table2[[#This Row],[Status_Clean]])),"NEW",1,"CONTACTED",2,"QUALIFIED",3,"CONVERTED",4,"LOST",5,99)} -> 2 | P51: 45111 | Q51: 04/07/2023 | R51: 04/07/2023 | S51: 45111 | T51: PASS | U51: 45111 | V51: July | W51: 2023 | X51: Q3 | Y51: Tuesday | Z51: 25.1 hours | AA51: 25.1 | AB51: {=_xlfn.LET(_xlpm.x,IFERROR(VALUE(Table2[[#This Row],[Response_Time_Hours]]),""),IF(_xlpm.x="","CHECK",_xlfn.IFS(_xlpm.x<=1,"Immediate",_xlpm.x<=6,"Fast",_xlpm.x<=24,"Moderate",_xlpm.x>24,"Delayed")))} -> Delayed | AC51: 44 | AD51: {=IF(Table2[[#This Row],[Interaction_Count_Final]]="","N/A",_xlfn.IFS(Table2[[#This Row],[Interaction_Count_Final]]<=2,"Low",Table2[[#This Row],[Interaction_Count_Final]]<=5,"Medium",Table2[[#This Row],[Interaction_Count_Final]]>=6,"High",TRUE,"CHECK"))} -> High | AE51: Medium | AF51: TRUE | AG51: TRUE | AH51: 67 | AI51: 45111 | AJ51: TRUE | AK51: {=_xlfn.LET( _xlpm.txt,TRIM(Raw_Data!F51), _xlpm.norm,SUBSTITUTE(SUBSTITUTE(_xlpm.txt,"-","/"),".","/"), _xlpm.p,_xlfn.TEXTSPLIT(_xlpm.norm,"/"), _xlpm.a,VALUE(INDEX(_xlpm.p,1)), _xlpm.b,VALUE(INDEX(_xlpm.p,2)), IF(AND(_xlpm.a<=12,_xlpm.b<=12),"REVIEW_AMBIGUOUS","OK") )} -> #REF!
A52: CL-2352 | B52: CL-2352 | C52: FALSE | D52: KEEP | E52: Client_2352 | F52: Client_2352 | G52: A Private Manufacturing Enterprise | H52: Petaling Jya | I52: Petaling Jya | J52: Petaling Jaya | K52: QUALIFEID | L52: QUALIFIED | M52: =IF(UPPER(TRIM(Table2[[#This Row],[Status_Clean]]))="CONVERTED",1,0) -> 0 | N52: =IF(ISNUMBER(MATCH(UPPER(TRIM(Table2[[#This Row],[Status_Clean]])),{"CONTACTED","QUALIFIED","CONVERTED"},0)),1,0) -> 1 | O52: {=_xlfn.SWITCH(UPPER(TRIM(Table2[[#This Row],[Status_Clean]])),"NEW",1,"CONTACTED",2,"QUALIFIED",3,"CONVERTED",4,"LOST",5,99)} -> 3 | P52: 45334 | Q52: 12/02/2024 | R52: 12/02/2024 | S52: 45334 | T52: PASS | U52: 45334 | V52: February | W52: 2024 | X52: Q1 | Y52: Monday | Z52: 34.3 | AA52: 34.3 | AB52: {=_xlfn.LET(_xlpm.x,IFERROR(VALUE(Table2[[#This Row],[Response_Time_Hours]]),""),IF(_xlpm.x="","CHECK",_xlfn.IFS(_xlpm.x<=1,"Immediate",_xlpm.x<=6,"Fast",_xlpm.x<=24,"Moderate",_xlpm.x>24,"Delayed")))} -> Delayed | AC52: 38 | AD52: {=IF(Table2[[#This Row],[Interaction_Count_Final]]="","N/A",_xlfn.IFS(Table2[[#This Row],[Interaction_Count_Final]]<=2,"Low",Table2[[#This Row],[Interaction_Count_Final]]<=5,"Medium",Table2[[#This Row],[Interaction_Count_Final]]>=6,"High",TRUE,"CHECK"))} -> High | AE52: High | AF52: TRUE | AG52: TRUE | AH52: 69 | AI52: 45334 | AJ52: TRUE | AK52: {=_xlfn.LET( _xlpm.txt,TRIM(Raw_Data!F52), _xlpm.norm,SUBSTITUTE(SUBSTITUTE(_xlpm.txt,"-","/"),".","/"), _xlpm.p,_xlfn.TEXTSPLIT(_xlpm.norm,"/"), _xlpm.a,VALUE(INDEX(_xlpm.p,1)), _xlpm.b,VALUE(INDEX(_xlpm.p,2)), IF(AND(_xlpm.a<=12,_xlpm.b<=12),"REVIEW_AMBIGUOUS","OK") )} -> #REF!
A53: CL-0652 | B53: CL-0652 | C53: FALSE | D53: KEEP | E53: Client_652 | F53: Client_652 | G53: A Leading Utility Company | H53: Kuala Lumpur | I53: Kuala Lumpur | J53: Kuala Lumpur | K53: NEW | L53: NEW | M53: =IF(UPPER(TRIM(Table2[[#This Row],[Status_Clean]]))="CONVERTED",1,0) -> 0 | N53: =IF(ISNUMBER(MATCH(UPPER(TRIM(Table2[[#This Row],[Status_Clean]])),{"CONTACTED","QUALIFIED","CONVERTED"},0)),1,0) -> 0 | O53: {=_xlfn.SWITCH(UPPER(TRIM(Table2[[#This Row],[Status_Clean]])),"NEW",1,"CONTACTED",2,"QUALIFIED",3,"CONVERTED",4,"LOST",5,99)} -> 1 | P53: 07-13-2023 | Q53: 07/13/2023 | R53: 07/13/2023 | S53: 45120 | T53: PASS | U53: 45120 | V53: July | W53: 2023 | X53: Q3 | Y53: Thursday | Z53: 2.5 days | AA53: 60 | AB53: {=_xlfn.LET(_xlpm.x,IFERROR(VALUE(Table2[[#This Row],[Response_Time_Hours]]),""),IF(_xlpm.x="","CHECK",_xlfn.IFS(_xlpm.x<=1,"Immediate",_xlpm.x<=6,"Fast",_xlpm.x<=24,"Moderate",_xlpm.x>24,"Delayed")))} -> Delayed | AC53: 27 | AD53: {=IF(Table2[[#This Row],[Interaction_Count_Final]]="","N/A",_xlfn.IFS(Table2[[#This Row],[Interaction_Count_Final]]<=2,"Low",Table2[[#This Row],[Interaction_Count_Final]]<=5,"Medium",Table2[[#This Row],[Interaction_Count_Final]]>=6,"High",TRUE,"CHECK"))} -> High | AE53: Medium | AF53: TRUE | AG53: TRUE | AH53: 70 | AI53: 45120 | AJ53: TRUE | AK53: {=_xlfn.LET( _xlpm.txt,TRIM(Raw_Data!F53), _xlpm.norm,SUBSTITUTE(SUBSTITUTE(_xlpm.txt,"-","/"),".","/"), _xlpm.p,_xlfn.TEXTSPLIT(_xlpm.norm,"/"), _xlpm.a,VALUE(INDEX(_xlpm.p,1)), _xlpm.b,VALUE(INDEX(_xlpm.p,2)), IF(AND(_xlpm.a<=12,_xlpm.b<=12),"REVIEW_AMBIGUOUS","OK") )} -> OK
A54: CL-1757 | B54: CL-1757 | C54: FALSE | D54: KEEP | E54: Client_1757 | F54: Client_1757 | G54: A Leading Utility Company | H54: Kuchng | I54: Kuchng | J54: Kuching | K54: NEW | L54: NEW | M54: =IF(UPPER(TRIM(Table2[[#This Row],[Status_Clean]]))="CONVERTED",1,0) -> 0 | N54: =IF(ISNUMBER(MATCH(UPPER(TRIM(Table2[[#This Row],[Status_Clean]])),{"CONTACTED","QUALIFIED","CONVERTED"},0)),1,0) -> 0 | O54: {=_xlfn.SWITCH(UPPER(TRIM(Table2[[#This Row],[Status_Clean]])),"NEW",1,"CONTACTED",2,"QUALIFIED",3,"CONVERTED",4,"LOST",5,99)} -> 1 | P54: 45603 | Q54: 07/11/2024 | R54: 07/11/2024 | S54: 45603 | T54: PASS | U54: 45603 | V54: November | W54: 2024 | X54: Q4 | Y54: Thursday | Z54: 55 | AA54: 55 | AB54: {=_xlfn.LET(_xlpm.x,IFERROR(VALUE(Table2[[#This Row],[Response_Time_Hours]]),""),IF(_xlpm.x="","CHECK",_xlfn.IFS(_xlpm.x<=1,"Immediate",_xlpm.x<=6,"Fast",_xlpm.x<=24,"Moderate",_xlpm.x>24,"Delayed")))} -> Delayed | AC54: 8 | AD54: {=IF(Table2[[#This Row],[Interaction_Count_Final]]="","N/A",_xlfn.IFS(Table2[[#This Row],[Interaction_Count_Final]]<=2,"Low",Table2[[#This Row],[Interaction_Count_Final]]<=5,"Medium",Table2[[#This Row],[Interaction_Count_Final]]>=6,"High",TRUE,"CHECK"))} -> High | AE54: Medium | AF54: TRUE | AG54: TRUE | AH54: 72 | AI54: 45603 | AJ54: TRUE | AK54: {=_xlfn.LET( _xlpm.txt,TRIM(Raw_Data!F54), _xlpm.norm,SUBSTITUTE(SUBSTITUTE(_xlpm.txt,"-","/"),".","/"), _xlpm.p,_xlfn.TEXTSPLIT(_xlpm.norm,"/"), _xlpm.a,VALUE(INDEX(_xlpm.p,1)), _xlpm.b,VALUE(INDEX(_xlpm.p,2)), IF(AND(_xlpm.a<=12,_xlpm.b<=12),"REVIEW_AMBIGUOUS","OK") )} -> #REF!
A55: CL-1665 | B55: CL-1665 | C55: FALSE | D55: KEEP | E55: Client_1665 | F55: Client_1665 | G55: A Regional Financial Institution | H55: Malacca | I55: Malacca | J55: Malaka | K55: NW | L55: NEW | M55: =IF(UPPER(TRIM(Table2[[#This Row],[Status_Clean]]))="CONVERTED",1,0) -> 0 | N55: =IF(ISNUMBER(MATCH(UPPER(TRIM(Table2[[#This Row],[Status_Clean]])),{"CONTACTED","QUALIFIED","CONVERTED"},0)),1,0) -> 0 | O55: {=_xlfn.SWITCH(UPPER(TRIM(Table2[[#This Row],[Status_Clean]])),"NEW",1,"CONTACTED",2,"QUALIFIED",3,"CONVERTED",4,"LOST",5,99)} -> 1 | P55: 45344 | Q55: 22/02/2024 | R55: 22/02/2024 | S55: 45344 | T55: PASS | U55: 45344 | V55: February | W55: 2024 | X55: Q1 | Y55: Thursday | Z55: 27 | AA55: 27 | AB55: {=_xlfn.LET(_xlpm.x,IFERROR(VALUE(Table2[[#This Row],[Response_Time_Hours]]),""),IF(_xlpm.x="","CHECK",_xlfn.IFS(_xlpm.x<=1,"Immediate",_xlpm.x<=6,"Fast",_xlpm.x<=24,"Moderate",_xlpm.x>24,"Delayed")))} -> Delayed | AC55: 7 | AD55: {=IF(Table2[[#This Row],[Interaction_Count_Final]]="","N/A",_xlfn.IFS(Table2[[#This Row],[Interaction_Count_Final]]<=2,"Low",Table2[[#This Row],[Interaction_Count_Final]]<=5,"Medium",Table2[[#This Row],[Interaction_Count_Final]]>=6,"High",TRUE,"CHECK"))} -> High | AE55: High | AF55: TRUE | AG55: TRUE | AH55: 73 | AI55: 45344 | AJ55: TRUE | AK55: {=_xlfn.LET( _xlpm.txt,TRIM(Raw_Data!F55), _xlpm.norm,SUBSTITUTE(SUBSTITUTE(_xlpm.txt,"-","/"),".","/"), _xlpm.p,_xlfn.TEXTSPLIT(_xlpm.norm,"/"), _xlpm.a,VALUE(INDEX(_xlpm.p,1)), _xlpm.b,VALUE(INDEX(_xlpm.p,2)), IF(AND(_xlpm.a<=12,_xlpm.b<=12),"REVIEW_AMBIGUOUS","OK") )} -> #REF!
A56: CL-2605 | B56: CL-2605 | C56: FALSE | D56: KEEP | E56: Client_2605 | F56: Client_2605 | G56: A Regional Financial Institution | H56: Petalingg Jaya | I56: Petalingg Jaya | J56: Petaling Jaya | K56: CONVERTED | L56: CONVERTED | M56: =IF(UPPER(TRIM(Table2[[#This Row],[Status_Clean]]))="CONVERTED",1,0) -> 1 | N56: =IF(ISNUMBER(MATCH(UPPER(TRIM(Table2[[#This Row],[Status_Clean]])),{"CONTACTED","QUALIFIED","CONVERTED"},0)),1,0) -> 1 | O56: {=_xlfn.SWITCH(UPPER(TRIM(Table2[[#This Row],[Status_Clean]])),"NEW",1,"CONTACTED",2,"QUALIFIED",3,"CONVERTED",4,"LOST",5,99)} -> 4 | P56: 45194 | Q56: 25/09/2023 | R56: 25/09/2023 | S56: 45194 | T56: PASS | U56: 45194 | V56: September | W56: 2023 | X56: Q3 | Y56: Monday | Z56: 65.4 hrs | AA56: 65.4 | AB56: {=_xlfn.LET(_xlpm.x,IFERROR(VALUE(Table2[[#This Row],[Response_Time_Hours]]),""),IF(_xlpm.x="","CHECK",_xlfn.IFS(_xlpm.x<=1,"Immediate",_xlpm.x<=6,"Fast",_xlpm.x<=24,"Moderate",_xlpm.x>24,"Delayed")))} -> Delayed | AC56: 42 | AD56: {=IF(Table2[[#This Row],[Interaction_Count_Final]]="","N/A",_xlfn.IFS(Table2[[#This Row],[Interaction_Count_Final]]<=2,"Low",Table2[[#This Row],[Interaction_Count_Final]]<=5,"Medium",Table2[[#This Row],[Interaction_Count_Final]]>=6,"High",TRUE,"CHECK"))} -> High | AE56: Medium | AF56: TRUE | AG56: TRUE | AH56: 74 | AI56: 45194 | AJ56: TRUE | AK56: {=_xlfn.LET( _xlpm.txt,TRIM(Raw_Data!F56), _xlpm.norm,SUBSTITUTE(SUBSTITUTE(_xlpm.txt,"-","/"),".","/"), _xlpm.p,_xlfn.TEXTSPLIT(_xlpm.norm,"/"), _xlpm.a,VALUE(INDEX(_xlpm.p,1)), _xlpm.b,VALUE(INDEX(_xlpm.p,2)), IF(AND(_xlpm.a<=12,_xlpm.b<=12),"REVIEW_AMBIGUOUS","OK") )} -> #REF!
A57: CL-1059 | B57: CL-1059 | C57: FALSE | D57: KEEP | E57: Client_1059 | F57: Client_1059 | G57: A Regional Financial Institution | H57: Alor Setar | I57: Alor Setar | J57: Alor Setar | K57: NEW | L57: NEW | M57: =IF(UPPER(TRIM(Table2[[#This Row],[Status_Clean]]))="CONVERTED",1,0) -> 0 | N57: =IF(ISNUMBER(MATCH(UPPER(TRIM(Table2[[#This Row],[Status_Clean]])),{"CONTACTED","QUALIFIED","CONVERTED"},0)),1,0) -> 0 | O57: {=_xlfn.SWITCH(UPPER(TRIM(Table2[[#This Row],[Status_Clean]])),"NEW",1,"CONTACTED",2,"QUALIFIED",3,"CONVERTED",4,"LOST",5,99)} -> 1 | P57: 45192 | Q57: 23/09/2023 | R57: 23/09/2023 | S57: 45192 | T57: PASS | U57: 45192 | V57: September | W57: 2023 | X57: Q3 | Y57: Saturday | Z57: 5.9 hours | AA57: 5.9 | AB57: {=_xlfn.LET(_xlpm.x,IFERROR(VALUE(Table2[[#This Row],[Response_Time_Hours]]),""),IF(_xlpm.x="","CHECK",_xlfn.IFS(_xlpm.x<=1,"Immediate",_xlpm.x<=6,"Fast",_xlpm.x<=24,"Moderate",_xlpm.x>24,"Delayed")))} -> Fast | AC57: 25 | AD57: {=IF(Table2[[#This Row],[Interaction_Count_Final]]="","N/A",_xlfn.IFS(Table2[[#This Row],[Interaction_Count_Final]]<=2,"Low",Table2[[#This Row],[Interaction_Count_Final]]<=5,"Medium",Table2[[#This Row],[Interaction_Count_Final]]>=6,"High",TRUE,"CHECK"))} -> High | AE57: Low | AF57: TRUE | AG57: TRUE | AH57: 75 | AI57: 45192 | AJ57: TRUE | AK57: {=_xlfn.LET( _xlpm.txt,TRIM(Raw_Data!F57), _xlpm.norm,SUBSTITUTE(SUBSTITUTE(_xlpm.txt,"-","/"),".","/"), _xlpm.p,_xlfn.TEXTSPLIT(_xlpm.norm,"/"), _xlpm.a,VALUE(INDEX(_xlpm.p,1)), _xlpm.b,VALUE(INDEX(_xlpm.p,2)), IF(AND(_xlpm.a<=12,_xlpm.b<=12),"REVIEW_AMBIGUOUS","OK") )} -> #REF!
A58: CL-0450 | B58: CL-0450 | C58: FALSE | D58: KEEP | E58: Client_450 | F58: Client_450 | G58: A Private Manufacturing Enterprise | H58: Kuching | I58: Kuching | J58: Kuching | K58: CONTACTED | L58: CONTACTED | M58: =IF(UPPER(TRIM(Table2[[#This Row],[Status_Clean]]))="CONVERTED",1,0) -> 0 | N58: =IF(ISNUMBER(MATCH(UPPER(TRIM(Table2[[#This Row],[Status_Clean]])),{"CONTACTED","QUALIFIED","CONVERTED"},0)),1,0) -> 1 | O58: {=_xlfn.SWITCH(UPPER(TRIM(Table2[[#This Row],[Status_Clean]])),"NEW",1,"CONTACTED",2,"QUALIFIED",3,"CONVERTED",4,"LOST",5,99)} -> 2 | P58: 45137 | Q58: 30/07/2023 | R58: 30/07/2023 | S58: 45137 | T58: PASS | U58: 45137 | V58: July | W58: 2023 | X58: Q3 | Y58: Sunday | Z58: 11 | AA58: 11 | AB58: {=_xlfn.LET(_xlpm.x,IFERROR(VALUE(Table2[[#This Row],[Response_Time_Hours]]),""),IF(_xlpm.x="","CHECK",_xlfn.IFS(_xlpm.x<=1,"Immediate",_xlpm.x<=6,"Fast",_xlpm.x<=24,"Moderate",_xlpm.x>24,"Delayed")))} -> Moderate | AC58: 17 | AD58: {=IF(Table2[[#This Row],[Interaction_Count_Final]]="","N/A",_xlfn.IFS(Table2[[#This Row],[Interaction_Count_Final]]<=2,"Low",Table2[[#This Row],[Interaction_Count_Final]]<=5,"Medium",Table2[[#This Row],[Interaction_Count_Final]]>=6,"High",TRUE,"CHECK"))} -> High | AE58: Low | AF58: TRUE | AG58: TRUE | AH58: 76 | AI58: 45137 | AJ58: TRUE | AK58: {=_xlfn.LET( _xlpm.txt,TRIM(Raw_Data!F58), _xlpm.norm,SUBSTITUTE(SUBSTITUTE(_xlpm.txt,"-","/"),".","/"), _xlpm.p,_xlfn.TEXTSPLIT(_xlpm.norm,"/"), _xlpm.a,VALUE(INDEX(_xlpm.p,1)), _xlpm.b,VALUE(INDEX(_xlpm.p,2)), IF(AND(_xlpm.a<=12,_xlpm.b<=12),"REVIEW_AMBIGUOUS","OK") )} -> #REF!
A59: CL-1422 | B59: CL-1422 | C59: FALSE | D59: KEEP | E59: Client_1422 | F59: Client_1422 | G59: A Major Telecommunications Provider | H59: Cyberjaya | I59: Cyberjaya | J59: CyberJaya | K59: NEW | L59: NEW | M59: =IF(UPPER(TRIM(Table2[[#This Row],[Status_Clean]]))="CONVERTED",1,0) -> 0 | N59: =IF(ISNUMBER(MATCH(UPPER(TRIM(Table2[[#This Row],[Status_Clean]])),{"CONTACTED","QUALIFIED","CONVERTED"},0)),1,0) -> 0 | O59: {=_xlfn.SWITCH(UPPER(TRIM(Table2[[#This Row],[Status_Clean]])),"NEW",1,"CONTACTED",2,"QUALIFIED",3,"CONVERTED",4,"LOST",5,99)} -> 1 | P59: 45215 | Q59: 16/10/2023 | R59: 16/10/2023 | S59: 45215 | T59: PASS | U59: 45215 | V59: October | W59: 2023 | X59: Q4 | Y59: Monday | Z59: 35 | AA59: 35 | AB59: {=_xlfn.LET(_xlpm.x,IFERROR(VALUE(Table2[[#This Row],[Response_Time_Hours]]),""),IF(_xlpm.x="","CHECK",_xlfn.IFS(_xlpm.x<=1,"Immediate",_xlpm.x<=6,"Fast",_xlpm.x<=24,"Moderate",_xlpm.x>24,"Delayed")))} -> Delayed | AC59: N/A | AD59: {=IF(Table2[[#This Row],[Interaction_Count_Final]]="","N/A",_xlfn.IFS(Table2[[#This Row],[Interaction_Count_Final]]<=2,"Low",Table2[[#This Row],[Interaction_Count_Final]]<=5,"Medium",Table2[[#This Row],[Interaction_Count_Final]]>=6,"High",TRUE,"CHECK"))} -> High | AE59: Medium | AF59: TRUE | AG59: TRUE | AH59: 77 | AI59: 45215 | AJ59: TRUE | AK59: {=_xlfn.LET( _xlpm.txt,TRIM(Raw_Data!F59), _xlpm.norm,SUBSTITUTE(SUBSTITUTE(_xlpm.txt,"-","/"),".","/"), _xlpm.p,_xlfn.TEXTSPLIT(_xlpm.norm,"/"), _xlpm.a,VALUE(INDEX(_xlpm.p,1)), _xlpm.b,VALUE(INDEX(_xlpm.p,2)), IF(AND(_xlpm.a<=12,_xlpm.b<=12),"REVIEW_AMBIGUOUS","OK") )} -> #REF!
A60: CL-1578 | B60: CL-1578 | C60: FALSE | D60: KEEP | E60: Client_1578 | F60: Client_1578 | G60: A Major Telecommunications Provider | H60: Klang | I60: Klang | J60: Klang | K60: CONVETED | L60: CONVERTED | M60: =IF(UPPER(TRIM(Table2[[#This Row],[Status_Clean]]))="CONVERTED",1,0) -> 1 | N60: =IF(ISNUMBER(MATCH(UPPER(TRIM(Table2[[#This Row],[Status_Clean]])),{"CONTACTED","QUALIFIED","CONVERTED"},0)),1,0) -> 1 | O60: {=_xlfn.SWITCH(UPPER(TRIM(Table2[[#This Row],[Status_Clean]])),"NEW",1,"CONTACTED",2,"QUALIFIED",3,"CONVERTED",4,"LOST",5,99)} -> 4 | P60: 44957 | Q60: 31/01/2023 | R60: 31/01/2023 | S60: 44957 | T60: PASS | U60: 44957 | V60: January | W60: 2023 | X60: Q1 | Y60: Tuesday | Z60: 54.6 | AA60: 54.6 | AB60: {=_xlfn.LET(_xlpm.x,IFERROR(VALUE(Table2[[#This Row],[Response_Time_Hours]]),""),IF(_xlpm.x="","CHECK",_xlfn.IFS(_xlpm.x<=1,"Immediate",_xlpm.x<=6,"Fast",_xlpm.x<=24,"Moderate",_xlpm.x>24,"Delayed")))} -> Delayed | AC60: 50 | AD60: {=IF(Table2[[#This Row],[Interaction_Count_Final]]="","N/A",_xlfn.IFS(Table2[[#This Row],[Interaction_Count_Final]]<=2,"Low",Table2[[#This Row],[Interaction_Count_Final]]<=5,"Medium",Table2[[#This Row],[Interaction_Count_Final]]>=6,"High",TRUE,"CHECK"))} -> High | AE60: Low | AF60: TRUE | AG60: TRUE | AH60: 78 | AI60: 44957 | AJ60: TRUE | AK60: {=_xlfn.LET( _xlpm.txt,TRIM(Raw_Data!F60), _xlpm.norm,SUBSTITUTE(SUBSTITUTE(_xlpm.txt,"-","/"),".","/"), _xlpm.p,_xlfn.TEXTSPLIT(_xlpm.norm,"/"), _xlpm.a,VALUE(INDEX(_xlpm.p,1)), _xlpm.b,VALUE(INDEX(_xlpm.p,2)), IF(AND(_xlpm.a<=12,_xlpm.b<=12),"REVIEW_AMBIGUOUS","OK") )} -> #REF!
A61: CL-2838 | B61: CL-2838 | C61: FALSE | D61: KEEP | E61: Client_2838 | F61: Client_2838 | G61: A Leading Utility Company | H61: Ipoh | I61: Ipoh | J61: Ipoh | K61: NEW | L61: NEW | M61: =IF(UPPER(TRIM(Table2[[#This Row],[Status_Clean]]))="CONVERTED",1,0) -> 0 | N61: =IF(ISNUMBER(MATCH(UPPER(TRIM(Table2[[#This Row],[Status_Clean]])),{"CONTACTED","QUALIFIED","CONVERTED"},0)),1,0) -> 0 | O61: {=_xlfn.SWITCH(UPPER(TRIM(Table2[[#This Row],[Status_Clean]])),"NEW",1,"CONTACTED",2,"QUALIFIED",3,"CONVERTED",4,"LOST",5,99)} -> 1 | P61: 45518 | Q61: 14/08/2024 | R61: 14/08/2024 | S61: 45518 | T61: PASS | U61: 45518 | V61: August | W61: 2024 | X61: Q3 | Y61: Wednesday | Z61: 15.3 | AA61: 15.3 | AB61: {=_xlfn.LET(_xlpm.x,IFERROR(VALUE(Table2[[#This Row],[Response_Time_Hours]]),""),IF(_xlpm.x="","CHECK",_xlfn.IFS(_xlpm.x<=1,"Immediate",_xlpm.x<=6,"Fast",_xlpm.x<=24,"Moderate",_xlpm.x>24,"Delayed")))} -> Moderate | AC61: 47 | AD61: {=IF(Table2[[#This Row],[Interaction_Count_Final]]="","N/A",_xlfn.IFS(Table2[[#This Row],[Interaction_Count_Final]]<=2,"Low",Table2[[#This Row],[Interaction_Count_Final]]<=5,"Medium",Table2[[#This Row],[Interaction_Count_Final]]>=6,"High",TRUE,"CHECK"))} -> High | AE61: Medium | AF61: TRUE | AG61: TRUE | AH61: 79 | AI61: 45518 | AJ61: TRUE | AK61: {=_xlfn.LET( _xlpm.txt,TRIM(Raw_Data!F61), _xlpm.norm,SUBSTITUTE(SUBSTITUTE(_xlpm.txt,"-","/"),".","/"), _xlpm.p,_xlfn.TEXTSPLIT(_xlpm.norm,"/"), _xlpm.a,VALUE(INDEX(_xlpm.p,1)), _xlpm.b,VALUE(INDEX(_xlpm.p,2)), IF(AND(_xlpm.a<=12,_xlpm.b<=12),"REVIEW_AMBIGUOUS","OK") )} -> #REF!
A62: CL-2646 | B62: CL-2646 | C62: FALSE | D62: KEEP | E62: Client_2646 | F62: Client_2646 | G62: A Major Telecommunications Provider | H62: Subang Jaya | I62: Subang Jaya | J62: Subang Jaya | K62: LOS | L62: LOST | M62: =IF(UPPER(TRIM(Table2[[#This Row],[Status_Clean]]))="CONVERTED",1,0) -> 0 | N62: =IF(ISNUMBER(MATCH(UPPER(TRIM(Table2[[#This Row],[Status_Clean]])),{"CONTACTED","QUALIFIED","CONVERTED"},0)),1,0) -> 0 | O62: {=_xlfn.SWITCH(UPPER(TRIM(Table2[[#This Row],[Status_Clean]])),"NEW",1,"CONTACTED",2,"QUALIFIED",3,"CONVERTED",4,"LOST",5,99)} -> 5 | P62: 45162 | Q62: 24/08/2023 | R62: 24/08/2023 | S62: 45162 | T62: PASS | U62: 45162 | V62: August | W62: 2023 | X62: Q3 | Y62: Thursday | Z62: 16.3h | AA62: 16.3 | AB62: {=_xlfn.LET(_xlpm.x,IFERROR(VALUE(Table2[[#This Row],[Response_Time_Hours]]),""),IF(_xlpm.x="","CHECK",_xlfn.IFS(_xlpm.x<=1,"Immediate",_xlpm.x<=6,"Fast",_xlpm.x<=24,"Moderate",_xlpm.x>24,"Delayed")))} -> Moderate | AC62: 6 | AD62: {=IF(Table2[[#This Row],[Interaction_Count_Final]]="","N/A",_xlfn.IFS(Table2[[#This Row],[Interaction_Count_Final]]<=2,"Low",Table2[[#This Row],[Interaction_Count_Final]]<=5,"Medium",Table2[[#This Row],[Interaction_Count_Final]]>=6,"High",TRUE,"CHECK"))} -> High | AE62: High | AF62: TRUE | AG62: TRUE | AH62: 80 | AI62: 45162 | AJ62: TRUE | AK62: {=_xlfn.LET( _xlpm.txt,TRIM(Raw_Data!F62), _xlpm.norm,SUBSTITUTE(SUBSTITUTE(_xlpm.txt,"-","/"),".","/"), _xlpm.p,_xlfn.TEXTSPLIT(_xlpm.norm,"/"), _xlpm.a,VALUE(INDEX(_xlpm.p,1)), _xlpm.b,VALUE(INDEX(_xlpm.p,2)), IF(AND(_xlpm.a<=12,_xlpm.b<=12),"REVIEW_AMBIGUOUS","OK") )} -> #REF!
A63: CL-1375 | B63: CL-1375 | C63: FALSE | D63: KEEP | E63: Client_1375 | F63: Client_1375 | G63: A Private Manufacturing Enterprise | H63: Kuala Lumpur | I63: Kuala Lumpur | J63: Kuala Lumpur | K63: CONCTACTED | L63: CONTACTED | M63: =IF(UPPER(TRIM(Table2[[#This Row],[Status_Clean]]))="CONVERTED",1,0) -> 0 | N63: =IF(ISNUMBER(MATCH(UPPER(TRIM(Table2[[#This Row],[Status_Clean]])),{"CONTACTED","QUALIFIED","CONVERTED"},0)),1,0) -> 1 | O63: {=_xlfn.SWITCH(UPPER(TRIM(Table2[[#This Row],[Status_Clean]])),"NEW",1,"CONTACTED",2,"QUALIFIED",3,"CONVERTED",4,"LOST",5,99)} -> 2 | P63: 45447 | Q63: 04/06/2024 | R63: 04/06/2024 | S63: 45447 | T63: PASS | U63: 45447 | V63: June | W63: 2024 | X63: Q2 | Y63: Tuesday | Z63: 50.5 hrs | AA63: 50.5 | AB63: {=_xlfn.LET(_xlpm.x,IFERROR(VALUE(Table2[[#This Row],[Response_Time_Hours]]),""),IF(_xlpm.x="","CHECK",_xlfn.IFS(_xlpm.x<=1,"Immediate",_xlpm.x<=6,"Fast",_xlpm.x<=24,"Moderate",_xlpm.x>24,"Delayed")))} -> Delayed | AC63: 12 | AD63: {=IF(Table2[[#This Row],[Interaction_Count_Final]]="","N/A",_xlfn.IFS(Table2[[#This Row],[Interaction_Count_Final]]<=2,"Low",Table2[[#This Row],[Interaction_Count_Final]]<=5,"Medium",Table2[[#This Row],[Interaction_Count_Final]]>=6,"High",TRUE,"CHECK"))} -> High | AE63: High | AF63: TRUE | AG63: TRUE | AH63: 81 | AI63: 45447 | AJ63: TRUE | AK63: {=_xlfn.LET( _xlpm.txt,TRIM(Raw_Data!F63), _xlpm.norm,SUBSTITUTE(SUBSTITUTE(_xlpm.txt,"-","/"),".","/"), _xlpm.p,_xlfn.TEXTSPLIT(_xlpm.norm,"/"), _xlpm.a,VALUE(INDEX(_xlpm.p,1)), _xlpm.b,VALUE(INDEX(_xlpm.p,2)), IF(AND(_xlpm.a<=12,_xlpm.b<=12),"REVIEW_AMBIGUOUS","OK") )} -> #REF!
A64: CL-2718 | B64: CL-2718 | C64: FALSE | D64: KEEP | E64: Client_2718 | F64: Client_2718 | G64: A Private Manufacturing Enterprise | H64: Penang | I64: Penang | J64: Penang | K64: CONTACTED | L64: CONTACTED | M64: =IF(UPPER(TRIM(Table2[[#This Row],[Status_Clean]]))="CONVERTED",1,0) -> 0 | N64: =IF(ISNUMBER(MATCH(UPPER(TRIM(Table2[[#This Row],[Status_Clean]])),{"CONTACTED","QUALIFIED","CONVERTED"},0)),1,0) -> 1 | O64: {=_xlfn.SWITCH(UPPER(TRIM(Table2[[#This Row],[Status_Clean]])),"NEW",1,"CONTACTED",2,"QUALIFIED",3,"CONVERTED",4,"LOST",5,99)} -> 2 | P64: 10/20/24 | Q64: 10/20/24 | R64: 10/20/24 | S64: 45585 | T64: PASS | U64: 45585 | V64: October | W64: 2024 | X64: Q4 | Y64: Sunday | Z64: 30.6h | AA64: 30.6 | AB64: {=_xlfn.LET(_xlpm.x,IFERROR(VALUE(Table2[[#This Row],[Response_Time_Hours]]),""),IF(_xlpm.x="","CHECK",_xlfn.IFS(_xlpm.x<=1,"Immediate",_xlpm.x<=6,"Fast",_xlpm.x<=24,"Moderate",_xlpm.x>24,"Delayed")))} -> Delayed | AC64: 26 | AD64: {=IF(Table2[[#This Row],[Interaction_Count_Final]]="","N/A",_xlfn.IFS(Table2[[#This Row],[Interaction_Count_Final]]<=2,"Low",Table2[[#This Row],[Interaction_Count_Final]]<=5,"Medium",Table2[[#This Row],[Interaction_Count_Final]]>=6,"High",TRUE,"CHECK"))} -> High | AE64: Medium | AF64: TRUE | AG64: TRUE | AH64: 82 | AI64: 45585 | AJ64: TRUE | AK64: {=_xlfn.LET( _xlpm.txt,TRIM(Raw_Data!F64), _xlpm.norm,SUBSTITUTE(SUBSTITUTE(_xlpm.txt,"-","/"),".","/"), _xlpm.p,_xlfn.TEXTSPLIT(_xlpm.norm,"/"), _xlpm.a,VALUE(INDEX(_xlpm.p,1)), _xlpm.b,VALUE(INDEX(_xlpm.p,2)), IF(AND(_xlpm.a<=12,_xlpm.b<=12),"REVIEW_AMBIGUOUS","OK") )} -> OK
A65: CL-1502 | B65: CL-1502 | C65: FALSE | D65: KEEP | E65: Client_1502 | F65: Client_1502 | G65: A Leading Utility Company | H65: Cyberjya | I65: Cyberjya | J65: CyberJaya | K65: CONVERETED | L65: CONVERTED | M65: =IF(UPPER(TRIM(Table2[[#This Row],[Status_Clean]]))="CONVERTED",1,0) -> 1 | N65: =IF(ISNUMBER(MATCH(UPPER(TRIM(Table2[[#This Row],[Status_Clean]])),{"CONTACTED","QUALIFIED","CONVERTED"},0)),1,0) -> 1 | O65: {=_xlfn.SWITCH(UPPER(TRIM(Table2[[#This Row],[Status_Clean]])),"NEW",1,"CONTACTED",2,"QUALIFIED",3,"CONVERTED",4,"LOST",5,99)} -> 4 | P65: 45554 | Q65: 19/09/2024 | R65: 19/09/2024 | S65: 45554 | T65: PASS | U65: 45554 | V65: September | W65: 2024 | X65: Q3 | Y65: Thursday | Z65: 21 | AA65: 21 | AB65: {=_xlfn.LET(_xlpm.x,IFERROR(VALUE(Table2[[#This Row],[Response_Time_Hours]]),""),IF(_xlpm.x="","CHECK",_xlfn.IFS(_xlpm.x<=1,"Immediate",_xlpm.x<=6,"Fast",_xlpm.x<=24,"Moderate",_xlpm.x>24,"Delayed")))} -> Moderate | AC65: 46 | AD65: {=IF(Table2[[#This Row],[Interaction_Count_Final]]="","N/A",_xlfn.IFS(Table2[[#This Row],[Interaction_Count_Final]]<=2,"Low",Table2[[#This Row],[Interaction_Count_Final]]<=5,"Medium",Table2[[#This Row],[Interaction_Count_Final]]>=6,"High",TRUE,"CHECK"))} -> High | AE65: Medium | AF65: TRUE | AG65: TRUE | AH65: 85 | AI65: 45554 | AJ65: TRUE | AK65: {=_xlfn.LET( _xlpm.txt,TRIM(Raw_Data!F65), _xlpm.norm,SUBSTITUTE(SUBSTITUTE(_xlpm.txt,"-","/"),".","/"), _xlpm.p,_xlfn.TEXTSPLIT(_xlpm.norm,"/"), _xlpm.a,VALUE(INDEX(_xlpm.p,1)), _xlpm.b,VALUE(INDEX(_xlpm.p,2)), IF(AND(_xlpm.a<=12,_xlpm.b<=12),"REVIEW_AMBIGUOUS","OK") )} -> #REF!
A66: CL-0216 | B66: CL-0216 | C66: FALSE | D66: KEEP | E66: Client_216 | F66: Client_216 | G66: A Government Service Provider | H66: Alor Setar | I66: Alor Setar | J66: Alor Setar | K66: CONTACTED | L66: CONTACTED | M66: =IF(UPPER(TRIM(Table2[[#This Row],[Status_Clean]]))="CONVERTED",1,0) -> 0 | N66: =IF(ISNUMBER(MATCH(UPPER(TRIM(Table2[[#This Row],[Status_Clean]])),{"CONTACTED","QUALIFIED","CONVERTED"},0)),1,0) -> 1 | O66: {=_xlfn.SWITCH(UPPER(TRIM(Table2[[#This Row],[Status_Clean]])),"NEW",1,"CONTACTED",2,"QUALIFIED",3,"CONVERTED",4,"LOST",5,99)} -> 2 | P66: 45383 | Q66: 01/04/2024 | R66: 01/04/2024 | S66: 45383 | T66: PASS | U66: 45383 | V66: April | W66: 2024 | X66: Q2 | Y66: Monday | Z66: 1.3 days | AA66: 31.2 | AB66: {=_xlfn.LET(_xlpm.x,IFERROR(VALUE(Table2[[#This Row],[Response_Time_Hours]]),""),IF(_xlpm.x="","CHECK",_xlfn.IFS(_xlpm.x<=1,"Immediate",_xlpm.x<=6,"Fast",_xlpm.x<=24,"Moderate",_xlpm.x>24,"Delayed")))} -> Delayed | AC66: 15 | AD66: {=IF(Table2[[#This Row],[Interaction_Count_Final]]="","N/A",_xlfn.IFS(Table2[[#This Row],[Interaction_Count_Final]]<=2,"Low",Table2[[#This Row],[Interaction_Count_Final]]<=5,"Medium",Table2[[#This Row],[Interaction_Count_Final]]>=6,"High",TRUE,"CHECK"))} -> High | AE66: High | AF66: TRUE | AG66: TRUE | AH66: 86 | AI66: 45383 | AJ66: TRUE | AK66: {=_xlfn.LET( _xlpm.txt,TRIM(Raw_Data!F66), _xlpm.norm,SUBSTITUTE(SUBSTITUTE(_xlpm.txt,"-","/"),".","/"), _xlpm.p,_xlfn.TEXTSPLIT(_xlpm.norm,"/"), _xlpm.a,VALUE(INDEX(_xlpm.p,1)), _xlpm.b,VALUE(INDEX(_xlpm.p,2)), IF(AND(_xlpm.a<=12,_xlpm.b<=12),"REVIEW_AMBIGUOUS","OK") )} -> #REF!
A67: CL-0169 | B67: CL-0169 | C67: FALSE | D67: KEEP | E67: Client_169 | F67: Client_169 | G67: A Government Service Provider | H67: Petaling Jaya | I67: Petaling Jaya | J67: Petaling Jaya | K67: LOST | L67: LOST | M67: =IF(UPPER(TRIM(Table2[[#This Row],[Status_Clean]]))="CONVERTED",1,0) -> 0 | N67: =IF(ISNUMBER(MATCH(UPPER(TRIM(Table2[[#This Row],[Status_Clean]])),{"CONTACTED","QUALIFIED","CONVERTED"},0)),1,0) -> 0 | O67: {=_xlfn.SWITCH(UPPER(TRIM(Table2[[#This Row],[Status_Clean]])),"NEW",1,"CONTACTED",2,"QUALIFIED",3,"CONVERTED",4,"LOST",5,99)} -> 5 | P67: January 6, 2024 | Q67: January 6 2024 | R67: January 6 2024 | S67: 45297 | T67: PASS | U67: 45297 | V67: January | W67: 2024 | X67: Q1 | Y67: Saturday | Z67: 43 | AA67: 43 | AB67: {=_xlfn.LET(_xlpm.x,IFERROR(VALUE(Table2[[#This Row],[Response_Time_Hours]]),""),IF(_xlpm.x="","CHECK",_xlfn.IFS(_xlpm.x<=1,"Immediate",_xlpm.x<=6,"Fast",_xlpm.x<=24,"Moderate",_xlpm.x>24,"Delayed")))} -> Delayed | AC67: 24 | AD67: {=IF(Table2[[#This Row],[Interaction_Count_Final]]="","N/A",_xlfn.IFS(Table2[[#This Row],[Interaction_Count_Final]]<=2,"Low",Table2[[#This Row],[Interaction_Count_Final]]<=5,"Medium",Table2[[#This Row],[Interaction_Count_Final]]>=6,"High",TRUE,"CHECK"))} -> High | AE67: Medium | AF67: TRUE | AG67: TRUE | AH67: 88 | AI67: 45297 | AJ67: TRUE | AK67: {=_xlfn.LET( _xlpm.txt,TRIM(Raw_Data!F67), _xlpm.norm,SUBSTITUTE(SUBSTITUTE(_xlpm.txt,"-","/"),".","/"), _xlpm.p,_xlfn.TEXTSPLIT(_xlpm.norm,"/"), _xlpm.a,VALUE(INDEX(_xlpm.p,1)), _xlpm.b,VALUE(INDEX(_xlpm.p,2)), IF(AND(_xlpm.a<=12,_xlpm.b<=12),"REVIEW_AMBIGUOUS","OK") )} -> #REF!
A68: CL-0039 | B68: CL-0039 | C68: FALSE | D68: KEEP | E68: Client_039 | F68: Client_039 | G68: A Private Manufacturing Enterprise | H68: Kota Kinaballu | I68: Kota Kinaballu | J68: Kota Kinabalu | K68: CONTACTED | L68: CONTACTED | M68: =IF(UPPER(TRIM(Table2[[#This Row],[Status_Clean]]))="CONVERTED",1,0) -> 0 | N68: =IF(ISNUMBER(MATCH(UPPER(TRIM(Table2[[#This Row],[Status_Clean]])),{"CONTACTED","QUALIFIED","CONVERTED"},0)),1,0) -> 1 | O68: {=_xlfn.SWITCH(UPPER(TRIM(Table2[[#This Row],[Status_Clean]])),"NEW",1,"CONTACTED",2,"QUALIFIED",3,"CONVERTED",4,"LOST",5,99)} -> 2 | P68: 3/13/23 | Q68: 3/13/23 | R68: 3/13/23 | S68: 44998 | T68: PASS | U68: 44998 | V68: March | W68: 2023 | X68: Q1 | Y68: Monday | Z68: 1.2 days | AA68: 28.8 | AB68: {=_xlfn.LET(_xlpm.x,IFERROR(VALUE(Table2[[#This Row],[Response_Time_Hours]]),""),IF(_xlpm.x="","CHECK",_xlfn.IFS(_xlpm.x<=1,"Immediate",_xlpm.x<=6,"Fast",_xlpm.x<=24,"Moderate",_xlpm.x>24,"Delayed")))} -> Delayed | AC68: 2 | AD68: {=IF(Table2[[#This Row],[Interaction_Count_Final]]="","N/A",_xlfn.IFS(Table2[[#This Row],[Interaction_Count_Final]]<=2,"Low",Table2[[#This Row],[Interaction_Count_Final]]<=5,"Medium",Table2[[#This Row],[Interaction_Count_Final]]>=6,"High",TRUE,"CHECK"))} -> Low | AE68: High | AF68: TRUE | AG68: TRUE | AH68: 90 | AI68: 44998 | AJ68: TRUE | AK68: {=_xlfn.LET( _xlpm.txt,TRIM(Raw_Data!F68), _xlpm.norm,SUBSTITUTE(SUBSTITUTE(_xlpm.txt,"-","/"),".","/"), _xlpm.p,_xlfn.TEXTSPLIT(_xlpm.norm,"/"), _xlpm.a,VALUE(INDEX(_xlpm.p,1)), _xlpm.b,VALUE(INDEX(_xlpm.p,2)), IF(AND(_xlpm.a<=12,_xlpm.b<=12),"REVIEW_AMBIGUOUS","OK") )} -> OK
A69: CL-1049 | B69: CL-1049 | C69: FALSE | D69: KEEP | E69: Client_1049 | F69: Client_1049 | G69: A Regional Financial Institution | H69: Melacca | I69: Melacca | J69: Malaka | K69: NEW | L69: NEW | M69: =IF(UPPER(TRIM(Table2[[#This Row],[Status_Clean]]))="CONVERTED",1,0) -> 0 | N69: =IF(ISNUMBER(MATCH(UPPER(TRIM(Table2[[#This Row],[Status_Clean]])),{"CONTACTED","QUALIFIED","CONVERTED"},0)),1,0) -> 0 | O69: {=_xlfn.SWITCH(UPPER(TRIM(Table2[[#This Row],[Status_Clean]])),"NEW",1,"CONTACTED",2,"QUALIFIED",3,"CONVERTED",4,"LOST",5,99)} -> 1 | P69: 45334 | Q69: 12/02/2024 | R69: 12/02/2024 | S69: 45334 | T69: PASS | U69: 45334 | V69: February | W69: 2024 | X69: Q1 | Y69: Monday | Z69: 31.2 hrs | AA69: 31.2 | AB69: {=_xlfn.LET(_xlpm.x,IFERROR(VALUE(Table2[[#This Row],[Response_Time_Hours]]),""),IF(_xlpm.x="","CHECK",_xlfn.IFS(_xlpm.x<=1,"Immediate",_xlpm.x<=6,"Fast",_xlpm.x<=24,"Moderate",_xlpm.x>24,"Delayed")))} -> Delayed | AC69: 5 | AD69: {=IF(Table2[[#This Row],[Interaction_Count_Final]]="","N/A",_xlfn.IFS(Table2[[#This Row],[Interaction_Count_Final]]<=2,"Low",Table2[[#This Row],[Interaction_Count_Final]]<=5,"Medium",Table2[[#This Row],[Interaction_Count_Final]]>=6,"High",TRUE,"CHECK"))} -> Medium | AE69: Medium | AF69: TRUE | AG69: TRUE | AH69: 91 | AI69: 45334 | AJ69: TRUE | AK69: {=_xlfn.LET( _xlpm.txt,TRIM(Raw_Data!F69), _xlpm.norm,SUBSTITUTE(SUBSTITUTE(_xlpm.txt,"-","/"),".","/"), _xlpm.p,_xlfn.TEXTSPLIT(_xlpm.norm,"/"), _xlpm.a,VALUE(INDEX(_xlpm.p,1)), _xlpm.b,VALUE(INDEX(_xlpm.p,2)), IF(AND(_xlpm.a<=12,_xlpm.b<=12),"REVIEW_AMBIGUOUS","OK") )} -> #REF!
A70: CL-2332 | B70: CL-2332 | C70: FALSE | D70: KEEP | E70: Client_2332 | F70: Client_2332 | G70: A Major Telecommunications Provider | H70: Ipoh | I70: Ipoh | J70: Ipoh | K70: LOST | L70: LOST | M70: =IF(UPPER(TRIM(Table2[[#This Row],[Status_Clean]]))="CONVERTED",1,0) -> 0 | N70: =IF(ISNUMBER(MATCH(UPPER(TRIM(Table2[[#This Row],[Status_Clean]])),{"CONTACTED","QUALIFIED","CONVERTED"},0)),1,0) -> 0 | O70: {=_xlfn.SWITCH(UPPER(TRIM(Table2[[#This Row],[Status_Clean]])),"NEW",1,"CONTACTED",2,"QUALIFIED",3,"CONVERTED",4,"LOST",5,99)} -> 5 | P70: 45118 | Q70: 11/07/2023 | R70: 11/07/2023 | S70: 45118 | T70: PASS | U70: 45118 | V70: July | W70: 2023 | X70: Q3 | Y70: Tuesday | Z70: 1.4 | AA70: 1.4 | AB70: {=_xlfn.LET(_xlpm.x,IFERROR(VALUE(Table2[[#This Row],[Response_Time_Hours]]),""),IF(_xlpm.x="","CHECK",_xlfn.IFS(_xlpm.x<=1,"Immediate",_xlpm.x<=6,"Fast",_xlpm.x<=24,"Moderate",_xlpm.x>24,"Delayed")))} -> Fast | AC70: 34 | AD70: {=IF(Table2[[#This Row],[Interaction_Count_Final]]="","N/A",_xlfn.IFS(Table2[[#This Row],[Interaction_Count_Final]]<=2,"Low",Table2[[#This Row],[Interaction_Count_Final]]<=5,"Medium",Table2[[#This Row],[Interaction_Count_Final]]>=6,"High",TRUE,"CHECK"))} -> High | AE70: High | AF70: TRUE | AG70: TRUE | AH70: 92 | AI70: 45118 | AJ70: TRUE | AK70: {=_xlfn.LET( _xlpm.txt,TRIM(Raw_Data!F70), _xlpm.norm,SUBSTITUTE(SUBSTITUTE(_xlpm.txt,"-","/"),".","/"), _xlpm.p,_xlfn.TEXTSPLIT(_xlpm.norm,"/"), _xlpm.a,VALUE(INDEX(_xlpm.p,1)), _xlpm.b,VALUE(INDEX(_xlpm.p,2)), IF(AND(_xlpm.a<=12,_xlpm.b<=12),"REVIEW_AMBIGUOUS","OK") )} -> #REF!
A71: CL-0623 | B71: CL-0623 | C71: FALSE | D71: KEEP | E71: Client_623 | F71: Client_623 | G71: A Government Service Provider | H71: Petaling Jya | I71: Petaling Jya | J71: Petaling Jaya | K71: CONTACTD | L71: CONTACTED | M71: =IF(UPPER(TRIM(Table2[[#This Row],[Status_Clean]]))="CONVERTED",1,0) -> 0 | N71: =IF(ISNUMBER(MATCH(UPPER(TRIM(Table2[[#This Row],[Status_Clean]])),{"CONTACTED","QUALIFIED","CONVERTED"},0)),1,0) -> 1 | O71: {=_xlfn.SWITCH(UPPER(TRIM(Table2[[#This Row],[Status_Clean]])),"NEW",1,"CONTACTED",2,"QUALIFIED",3,"CONVERTED",4,"LOST",5,99)} -> 2 | P71: July 27, 2023 | Q71: July 27 2023 | R71: July 27 2023 | S71: 45134 | T71: PASS | U71: 45134 | V71: July | W71: 2023 | X71: Q3 | Y71: Thursday | Z71: 70 | AA71: 70 | AB71: {=_xlfn.LET(_xlpm.x,IFERROR(VALUE(Table2[[#This Row],[Response_Time_Hours]]),""),IF(_xlpm.x="","CHECK",_xlfn.IFS(_xlpm.x<=1,"Immediate",_xlpm.x<=6,"Fast",_xlpm.x<=24,"Moderate",_xlpm.x>24,"Delayed")))} -> Delayed | AC71: 8 | AD71: {=IF(Table2[[#This Row],[Interaction_Count_Final]]="","N/A",_xlfn.IFS(Table2[[#This Row],[Interaction_Count_Final]]<=2,"Low",Table2[[#This Row],[Interaction_Count_Final]]<=5,"Medium",Table2[[#This Row],[Interaction_Count_Final]]>=6,"High",TRUE,"CHECK"))} -> High | AE71: Medium | AF71: TRUE | AG71: TRUE | AH71: 93 | AI71: 45134 | AJ71: TRUE | AK71: {=_xlfn.LET( _xlpm.txt,TRIM(Raw_Data!F71), _xlpm.norm,SUBSTITUTE(SUBSTITUTE(_xlpm.txt,"-","/"),".","/"), _xlpm.p,_xlfn.TEXTSPLIT(_xlpm.norm,"/"), _xlpm.a,VALUE(INDEX(_xlpm.p,1)), _xlpm.b,VALUE(INDEX(_xlpm.p,2)), IF(AND(_xlpm.a<=12,_xlpm.b<=12),"REVIEW_AMBIGUOUS","OK") )} -> #REF!
A72: CL-2232 | B72: CL-2232 | C72: FALSE | D72: KEEP | E72: Client_2232 | F72: Client_2232 | G72: A Major Telecommunications Provider | H72: Serembn | I72: Serembn | J72: Seremban | K72: CONTACTED | L72: CONTACTED | M72: =IF(UPPER(TRIM(Table2[[#This Row],[Status_Clean]]))="CONVERTED",1,0) -> 0 | N72: =IF(ISNUMBER(MATCH(UPPER(TRIM(Table2[[#This Row],[Status_Clean]])),{"CONTACTED","QUALIFIED","CONVERTED"},0)),1,0) -> 1 | O72: {=_xlfn.SWITCH(UPPER(TRIM(Table2[[#This Row],[Status_Clean]])),"NEW",1,"CONTACTED",2,"QUALIFIED",3,"CONVERTED",4,"LOST",5,99)} -> 2 | P72: 28.10.2024 | Q72: 28/10/2024 | R72: 28/10/2024 | S72: 45593 | T72: PASS | U72: 45593 | V72: October | W72: 2024 | X72: Q4 | Y72: Monday | Z72: 69.8 | AA72: 69.8 | AB72: {=_xlfn.LET(_xlpm.x,IFERROR(VALUE(Table2[[#This Row],[Response_Time_Hours]]),""),IF(_xlpm.x="","CHECK",_xlfn.IFS(_xlpm.x<=1,"Immediate",_xlpm.x<=6,"Fast",_xlpm.x<=24,"Moderate",_xlpm.x>24,"Delayed")))} -> Delayed | AC72: 4 | AD72: {=IF(Table2[[#This Row],[Interaction_Count_Final]]="","N/A",_xlfn.IFS(Table2[[#This Row],[Interaction_Count_Final]]<=2,"Low",Table2[[#This Row],[Interaction_Count_Final]]<=5,"Medium",Table2[[#This Row],[Interaction_Count_Final]]>=6,"High",TRUE,"CHECK"))} -> Medium | AE72: Medium | AF72: TRUE | AG72: TRUE | AH72: 94 | AI72: 45593 | AJ72: TRUE | AK72: {=_xlfn.LET( _xlpm.txt,TRIM(Raw_Data!F72), _xlpm.norm,SUBSTITUTE(SUBSTITUTE(_xlpm.txt,"-","/"),".","/"), _xlpm.p,_xlfn.TEXTSPLIT(_xlpm.norm,"/"), _xlpm.a,VALUE(INDEX(_xlpm.p,1)), _xlpm.b,VALUE(INDEX(_xlpm.p,2)), IF(AND(_xlpm.a<=12,_xlpm.b<=12),"REVIEW_AMBIGUOUS","OK") )} -> OK
A73: CL-0918 | B73: CL-0918 | C73: FALSE | D73: KEEP | E73: Client_918 | F73: Client_918 | G73: A Regional Financial Institution | H73: Kuala Lumpur | I73: Kuala Lumpur | J73: Kuala Lumpur | K73: QUALIFIED | L73: QUALIFIED | M73: =IF(UPPER(TRIM(Table2[[#This Row],[Status_Clean]]))="CONVERTED",1,0) -> 0 | N73: =IF(ISNUMBER(MATCH(UPPER(TRIM(Table2[[#This Row],[Status_Clean]])),{"CONTACTED","QUALIFIED","CONVERTED"},0)),1,0) -> 1 | O73: {=_xlfn.SWITCH(UPPER(TRIM(Table2[[#This Row],[Status_Clean]])),"NEW",1,"CONTACTED",2,"QUALIFIED",3,"CONVERTED",4,"LOST",5,99)} -> 3 | P73: 45395 | Q73: 13/04/2024 | R73: 13/04/2024 | S73: 45395 | T73: PASS | U73: 45395 | V73: April | W73: 2024 | X73: Q2 | Y73: Saturday | Z73: 50.3 hours | AA73: 50.3 | AB73: {=_xlfn.LET(_xlpm.x,IFERROR(VALUE(Table2[[#This Row],[Response_Time_Hours]]),""),IF(_xlpm.x="","CHECK",_xlfn.IFS(_xlpm.x<=1,"Immediate",_xlpm.x<=6,"Fast",_xlpm.x<=24,"Moderate",_xlpm.x>24,"Delayed")))} -> Delayed | AC73: 14 | AD73: {=IF(Table2[[#This Row],[Interaction_Count_Final]]="","N/A",_xlfn.IFS(Table2[[#This Row],[Interaction_Count_Final]]<=2,"Low",Table2[[#This Row],[Interaction_Count_Final]]<=5,"Medium",Table2[[#This Row],[Interaction_Count_Final]]>=6,"High",TRUE,"CHECK"))} -> High | AE73: Medium | AF73: TRUE | AG73: TRUE | AH73: 95 | AI73: 45395 | AJ73: TRUE | AK73: {=_xlfn.LET( _xlpm.txt,TRIM(Raw_Data!F73), _xlpm.norm,SUBSTITUTE(SUBSTITUTE(_xlpm.txt,"-","/"),".","/"), _xlpm.p,_xlfn.TEXTSPLIT(_xlpm.norm,"/"), _xlpm.a,VALUE(INDEX(_xlpm.p,1)), _xlpm.b,VALUE(INDEX(_xlpm.p,2)), IF(AND(_xlpm.a<=12,_xlpm.b<=12),"REVIEW_AMBIGUOUS","OK") )} -> #REF!
A74: CL-1607 | B74: CL-1607 | C74: FALSE | D74: KEEP | E74: Client_1607 | F74: Client_1607 | G74: A Major Telecommunications Provider | H74: Kuchng | I74: Kuchng | J74: Kuching | K74: CONTACTED | L74: CONTACTED | M74: =IF(UPPER(TRIM(Table2[[#This Row],[Status_Clean]]))="CONVERTED",1,0) -> 0 | N74: =IF(ISNUMBER(MATCH(UPPER(TRIM(Table2[[#This Row],[Status_Clean]])),{"CONTACTED","QUALIFIED","CONVERTED"},0)),1,0) -> 1 | O74: {=_xlfn.SWITCH(UPPER(TRIM(Table2[[#This Row],[Status_Clean]])),"NEW",1,"CONTACTED",2,"QUALIFIED",3,"CONVERTED",4,"LOST",5,99)} -> 2 | P74: 45276 | Q74: 16/12/2023 | R74: 16/12/2023 | S74: 45276 | T74: PASS | U74: 45276 | V74: December | W74: 2023 | X74: Q4 | Y74: Saturday | Z74: 8.3 hours | AA74: 8.3 | AB74: {=_xlfn.LET(_xlpm.x,IFERROR(VALUE(Table2[[#This Row],[Response_Time_Hours]]),""),IF(_xlpm.x="","CHECK",_xlfn.IFS(_xlpm.x<=1,"Immediate",_xlpm.x<=6,"Fast",_xlpm.x<=24,"Moderate",_xlpm.x>24,"Delayed")))} -> Moderate | AC74: 28 | AD74: {=IF(Table2[[#This Row],[Interaction_Count_Final]]="","N/A",_xlfn.IFS(Table2[[#This Row],[Interaction_Count_Final]]<=2,"Low",Table2[[#This Row],[Interaction_Count_Final]]<=5,"Medium",Table2[[#This Row],[Interaction_Count_Final]]>=6,"High",TRUE,"CHECK"))} -> High | AE74: Low | AF74: TRUE | AG74: TRUE | AH74: 96 | AI74: 45276 | AJ74: TRUE | AK74: {=_xlfn.LET( _xlpm.txt,TRIM(Raw_Data!F74), _xlpm.norm,SUBSTITUTE(SUBSTITUTE(_xlpm.txt,"-","/"),".","/"), _xlpm.p,_xlfn.TEXTSPLIT(_xlpm.norm,"/"), _xlpm.a,VALUE(INDEX(_xlpm.p,1)), _xlpm.b,VALUE(INDEX(_xlpm.p,2)), IF(AND(_xlpm.a<=12,_xlpm.b<=12),"REVIEW_AMBIGUOUS","OK") )} -> #REF!
A75: CL-1277 | B75: CL-1277 | C75: FALSE | D75: KEEP | E75: Client_1277 | F75: Client_1277 | G75: A Leading Utility Company | H75: Klang | I75: Klang | J75: Klang | K75: NEW | L75: NEW | M75: =IF(UPPER(TRIM(Table2[[#This Row],[Status_Clean]]))="CONVERTED",1,0) -> 0 | N75: =IF(ISNUMBER(MATCH(UPPER(TRIM(Table2[[#This Row],[Status_Clean]])),{"CONTACTED","QUALIFIED","CONVERTED"},0)),1,0) -> 0 | O75: {=_xlfn.SWITCH(UPPER(TRIM(Table2[[#This Row],[Status_Clean]])),"NEW",1,"CONTACTED",2,"QUALIFIED",3,"CONVERTED",4,"LOST",5,99)} -> 1 | P75: 11-23-2023 | Q75: 11/23/2023 | R75: 11/23/2023 | S75: 45253 | T75: PASS | U75: 45253 | V75: November | W75: 2023 | X75: Q4 | Y75: Thursday | Z75: 32.1h | AA75: 32.1 | AB75: {=_xlfn.LET(_xlpm.x,IFERROR(VALUE(Table2[[#This Row],[Response_Time_Hours]]),""),IF(_xlpm.x="","CHECK",_xlfn.IFS(_xlpm.x<=1,"Immediate",_xlpm.x<=6,"Fast",_xlpm.x<=24,"Moderate",_xlpm.x>24,"Delayed")))} -> Delayed | AC75: 35 | AD75: {=IF(Table2[[#This Row],[Interaction_Count_Final]]="","N/A",_xlfn.IFS(Table2[[#This Row],[Interaction_Count_Final]]<=2,"Low",Table2[[#This Row],[Interaction_Count_Final]]<=5,"Medium",Table2[[#This Row],[Interaction_Count_Final]]>=6,"High",TRUE,"CHECK"))} -> High | AE75: Low | AF75: TRUE | AG75: TRUE | AH75: 97 | AI75: 45253 | AJ75: TRUE | AK75: {=_xlfn.LET( _xlpm.txt,TRIM(Raw_Data!F75), _xlpm.norm,SUBSTITUTE(SUBSTITUTE(_xlpm.txt,"-","/"),".","/"), _xlpm.p,_xlfn.TEXTSPLIT(_xlpm.norm,"/"), _xlpm.a,VALUE(INDEX(_xlpm.p,1)), _xlpm.b,VALUE(INDEX(_xlpm.p,2)), IF(AND(_xlpm.a<=12,_xlpm.b<=12),"REVIEW_AMBIGUOUS","OK") )} -> OK
A76: CL-1106 | B76: CL-1106 | C76: FALSE | D76: KEEP | E76: Client_1106 | F76: Client_1106 | G76: A Leading Utility Company | H76: Seremban | I76: Seremban | J76: Seremban | K76: QUALIFIED | L76: QUALIFIED | M76: =IF(UPPER(TRIM(Table2[[#This Row],[Status_Clean]]))="CONVERTED",1,0) -> 0 | N76: =IF(ISNUMBER(MATCH(UPPER(TRIM(Table2[[#This Row],[Status_Clean]])),{"CONTACTED","QUALIFIED","CONVERTED"},0)),1,0) -> 1 | O76: {=_xlfn.SWITCH(UPPER(TRIM(Table2[[#This Row],[Status_Clean]])),"NEW",1,"CONTACTED",2,"QUALIFIED",3,"CONVERTED",4,"LOST",5,99)} -> 3 | P76: 08-26-2023 | Q76: 08/26/2023 | R76: 08/26/2023 | S76: 45164 | T76: PASS | U76: 45164 | V76: August | W76: 2023 | X76: Q3 | Y76: Saturday | Z76: 67.3h | AA76: 67.3 | AB76: {=_xlfn.LET(_xlpm.x,IFERROR(VALUE(Table2[[#This Row],[Response_Time_Hours]]),""),IF(_xlpm.x="","CHECK",_xlfn.IFS(_xlpm.x<=1,"Immediate",_xlpm.x<=6,"Fast",_xlpm.x<=24,"Moderate",_xlpm.x>24,"Delayed")))} -> Delayed | AC76: 15 | AD76: {=IF(Table2[[#This Row],[Interaction_Count_Final]]="","N/A",_xlfn.IFS(Table2[[#This Row],[Interaction_Count_Final]]<=2,"Low",Table2[[#This Row],[Interaction_Count_Final]]<=5,"Medium",Table2[[#This Row],[Interaction_Count_Final]]>=6,"High",TRUE,"CHECK"))} -> High | AE76: High | AF76: TRUE | AG76: TRUE | AH76: 98 | AI76: 45164 | AJ76: TRUE | AK76: {=_xlfn.LET( _xlpm.txt,TRIM(Raw_Data!F76), _xlpm.norm,SUBSTITUTE(SUBSTITUTE(_xlpm.txt,"-","/"),".","/"), _xlpm.p,_xlfn.TEXTSPLIT(_xlpm.norm,"/"), _xlpm.a,VALUE(INDEX(_xlpm.p,1)), _xlpm.b,VALUE(INDEX(_xlpm.p,2)), IF(AND(_xlpm.a<=12,_xlpm.b<=12),"REVIEW_AMBIGUOUS","OK") )} -> OK
A77: CL-0849 | B77: CL-0849 | C77: FALSE | D77: KEEP | E77: Client_849 | F77: Client_849 | G77: A Regional Financial Institution | H77: Cyberjaya | I77: Cyberjaya | J77: CyberJaya | K77: CONCTACTED | L77: CONTACTED | M77: =IF(UPPER(TRIM(Table2[[#This Row],[Status_Clean]]))="CONVERTED",1,0) -> 0 | N77: =IF(ISNUMBER(MATCH(UPPER(TRIM(Table2[[#This Row],[Status_Clean]])),{"CONTACTED","QUALIFIED","CONVERTED"},0)),1,0) -> 1 | O77: {=_xlfn.SWITCH(UPPER(TRIM(Table2[[#This Row],[Status_Clean]])),"NEW",1,"CONTACTED",2,"QUALIFIED",3,"CONVERTED",4,"LOST",5,99)} -> 2 | P77: 45274 | Q77: 14/12/2023 | R77: 14/12/2023 | S77: 45274 | T77: PASS | U77: 45274 | V77: December | W77: 2023 | X77: Q4 | Y77: Thursday | Z77: 54 | AA77: 54 | AB77: {=_xlfn.LET(_xlpm.x,IFERROR(VALUE(Table2[[#This Row],[Response_Time_Hours]]),""),IF(_xlpm.x="","CHECK",_xlfn.IFS(_xlpm.x<=1,"Immediate",_xlpm.x<=6,"Fast",_xlpm.x<=24,"Moderate",_xlpm.x>24,"Delayed")))} -> Delayed | AC77: 21 | AD77: {=IF(Table2[[#This Row],[Interaction_Count_Final]]="","N/A",_xlfn.IFS(Table2[[#This Row],[Interaction_Count_Final]]<=2,"Low",Table2[[#This Row],[Interaction_Count_Final]]<=5,"Medium",Table2[[#This Row],[Interaction_Count_Final]]>=6,"High",TRUE,"CHECK"))} -> High | AE77: Medium | AF77: TRUE | AG77: TRUE | AH77: 99 | AI77: 45274 | AJ77: TRUE | AK77: {=_xlfn.LET( _xlpm.txt,TRIM(Raw_Data!F77), _xlpm.norm,SUBSTITUTE(SUBSTITUTE(_xlpm.txt,"-","/"),".","/"), _xlpm.p,_xlfn.TEXTSPLIT(_xlpm.norm,"/"), _xlpm.a,VALUE(INDEX(_xlpm.p,1)), _xlpm.b,VALUE(INDEX(_xlpm.p,2)), IF(AND(_xlpm.a<=12,_xlpm.b<=12),"REVIEW_AMBIGUOUS","OK") )} -> #REF!
A78: CL-2997 | B78: CL-2997 | C78: FALSE | D78: KEEP | E78: Client_2997 | F78: Client_2997 | G78: A Regional Financial Institution | H78: Cyberjaya | I78: Cyberjaya | J78: CyberJaya | K78: CONTACTED | L78: CONTACTED | M78: =IF(UPPER(TRIM(Table2[[#This Row],[Status_Clean]]))="CONVERTED",1,0) -> 0 | N78: =IF(ISNUMBER(MATCH(UPPER(TRIM(Table2[[#This Row],[Status_Clean]])),{"CONTACTED","QUALIFIED","CONVERTED"},0)),1,0) -> 1 | O78: {=_xlfn.SWITCH(UPPER(TRIM(Table2[[#This Row],[Status_Clean]])),"NEW",1,"CONTACTED",2,"QUALIFIED",3,"CONVERTED",4,"LOST",5,99)} -> 2 | P78: November 7, 2024 | Q78: November 7 2024 | R78: November 7 2024 | S78: 45603 | T78: PASS | U78: 45603 | V78: November | W78: 2024 | X78: Q4 | Y78: Thursday | Z78: 2.3 days | AA78: 55.2 | AB78: {=_xlfn.LET(_xlpm.x,IFERROR(VALUE(Table2[[#This Row],[Response_Time_Hours]]),""),IF(_xlpm.x="","CHECK",_xlfn.IFS(_xlpm.x<=1,"Immediate",_xlpm.x<=6,"Fast",_xlpm.x<=24,"Moderate",_xlpm.x>24,"Delayed")))} -> Delayed | AC78: 25 | AD78: {=IF(Table2[[#This Row],[Interaction_Count_Final]]="","N/A",_xlfn.IFS(Table2[[#This Row],[Interaction_Count_Final]]<=2,"Low",Table2[[#This Row],[Interaction_Count_Final]]<=5,"Medium",Table2[[#This Row],[Interaction_Count_Final]]>=6,"High",TRUE,"CHECK"))} -> High | AE78: Medium | AF78: TRUE | AG78: TRUE | AH78: 100 | AI78: 45603 | AJ78: TRUE | AK78: {=_xlfn.LET( _xlpm.txt,TRIM(Raw_Data!F78), _xlpm.norm,SUBSTITUTE(SUBSTITUTE(_xlpm.txt,"-","/"),".","/"), _xlpm.p,_xlfn.TEXTSPLIT(_xlpm.norm,"/"), _xlpm.a,VALUE(INDEX(_xlpm.p,1)), _xlpm.b,VALUE(INDEX(_xlpm.p,2)), IF(AND(_xlpm.a<=12,_xlpm.b<=12),"REVIEW_AMBIGUOUS","OK") )} -> #REF!
A79: CL-1862 | B79: CL-1862 | C79: FALSE | D79: KEEP | E79: Client_1862 | F79: Client_1862 | G79: A Regional Financial Institution | H79: Subang Jaya | I79: Subang Jaya | J79: Subang Jaya | K79: QUALIFEID | L79: QUALIFIED | M79: =IF(UPPER(TRIM(Table2[[#This Row],[Status_Clean]]))="CONVERTED",1,0) -> 0 | N79: =IF(ISNUMBER(MATCH(UPPER(TRIM(Table2[[#This Row],[Status_Clean]])),{"CONTACTED","QUALIFIED","CONVERTED"},0)),1,0) -> 1 | O79: {=_xlfn.SWITCH(UPPER(TRIM(Table2[[#This Row],[Status_Clean]])),"NEW",1,"CONTACTED",2,"QUALIFIED",3,"CONVERTED",4,"LOST",5,99)} -> 3 | P79: June 13, 2023 | Q79: June 13 2023 | R79: June 13 2023 | S79: 45090 | T79: PASS | U79: 45090 | V79: June | W79: 2023 | X79: Q2 | Y79: Tuesday | Z79: 1.6 hrs | AA79: 1.6 | AB79: {=_xlfn.LET(_xlpm.x,IFERROR(VALUE(Table2[[#This Row],[Response_Time_Hours]]),""),IF(_xlpm.x="","CHECK",_xlfn.IFS(_xlpm.x<=1,"Immediate",_xlpm.x<=6,"Fast",_xlpm.x<=24,"Moderate",_xlpm.x>24,"Delayed")))} -> Fast | AC79: 36 | AD79: {=IF(Table2[[#This Row],[Interaction_Count_Final]]="","N/A",_xlfn.IFS(Table2[[#This Row],[Interaction_Count_Final]]<=2,"Low",Table2[[#This Row],[Interaction_Count_Final]]<=5,"Medium",Table2[[#This Row],[Interaction_Count_Final]]>=6,"High",TRUE,"CHECK"))} -> High | AE79: Medium | AF79: TRUE | AG79: TRUE | AH79: 101 | AI79: 45090 | AJ79: TRUE | AK79: {=_xlfn.LET( _xlpm.txt,TRIM(Raw_Data!F79), _xlpm.norm,SUBSTITUTE(SUBSTITUTE(_xlpm.txt,"-","/"),".","/"), _xlpm.p,_xlfn.TEXTSPLIT(_xlpm.norm,"/"), _xlpm.a,VALUE(INDEX(_xlpm.p,1)), _xlpm.b,VALUE(INDEX(_xlpm.p,2)), IF(AND(_xlpm.a<=12,_xlpm.b<=12),"REVIEW_AMBIGUOUS","OK") )} -> #REF!
A80: CL-2048 | B80: CL-2048 | C80: FALSE | D80: KEEP | E80: Client_2048 | F80: Client_2048 | G80: A Private Manufacturing Enterprise | H80: Kuchng | I80: Kuchng | J80: Kuching | K80: QUALIFIED | L80: QUALIFIED | M80: =IF(UPPER(TRIM(Table2[[#This Row],[Status_Clean]]))="CONVERTED",1,0) -> 0 | N80: =IF(ISNUMBER(MATCH(UPPER(TRIM(Table2[[#This Row],[Status_Clean]])),{"CONTACTED","QUALIFIED","CONVERTED"},0)),1,0) -> 1 | O80: {=_xlfn.SWITCH(UPPER(TRIM(Table2[[#This Row],[Status_Clean]])),"NEW",1,"CONTACTED",2,"QUALIFIED",3,"CONVERTED",4,"LOST",5,99)} -> 3 | P80: 44948 | Q80: 22/01/2023 | R80: 22/01/2023 | S80: 44948 | T80: PASS | U80: 44948 | V80: January | W80: 2023 | X80: Q1 | Y80: Sunday | Z80: 0.9 hrs | AA80: 0.9 | AB80: {=_xlfn.LET(_xlpm.x,IFERROR(VALUE(Table2[[#This Row],[Response_Time_Hours]]),""),IF(_xlpm.x="","CHECK",_xlfn.IFS(_xlpm.x<=1,"Immediate",_xlpm.x<=6,"Fast",_xlpm.x<=24,"Moderate",_xlpm.x>24,"Delayed")))} -> Immediate | AC80: 35 | AD80: {=IF(Table2[[#This Row],[Interaction_Count_Final]]="","N/A",_xlfn.IFS(Table2[[#This Row],[Interaction_Count_Final]]<=2,"Low",Table2[[#This Row],[Interaction_Count_Final]]<=5,"Medium",Table2[[#This Row],[Interaction_Count_Final]]>=6,"High",TRUE,"CHECK"))} -> High | AE80: Medium | AF80: TRUE | AG80: TRUE | AH80: 103 | AI80: 44948 | AJ80: TRUE | AK80: {=_xlfn.LET( _xlpm.txt,TRIM(Raw_Data!F80), _xlpm.norm,SUBSTITUTE(SUBSTITUTE(_xlpm.txt,"-","/"),".","/"), _xlpm.p,_xlfn.TEXTSPLIT(_xlpm.norm,"/"), _xlpm.a,VALUE(INDEX(_xlpm.p,1)), _xlpm.b,VALUE(INDEX(_xlpm.p,2)), IF(AND(_xlpm.a<=12,_xlpm.b<=12),"REVIEW_AMBIGUOUS","OK") )} -> #REF!
A81: CL-0970 | B81: CL-0970 | C81: FALSE | D81: KEEP | E81: Client_970 | F81: Client_970 | G81: A Major Telecommunications Provider | H81: Malacca | I81: Malacca | J81: Malaka | K81: QUALIFIED | L81: QUALIFIED | M81: =IF(UPPER(TRIM(Table2[[#This Row],[Status_Clean]]))="CONVERTED",1,0) -> 0 | N81: =IF(ISNUMBER(MATCH(UPPER(TRIM(Table2[[#This Row],[Status_Clean]])),{"CONTACTED","QUALIFIED","CONVERTED"},0)),1,0) -> 1 | O81: {=_xlfn.SWITCH(UPPER(TRIM(Table2[[#This Row],[Status_Clean]])),"NEW",1,"CONTACTED",2,"QUALIFIED",3,"CONVERTED",4,"LOST",5,99)} -> 3 | P81: February 4, 2024 | Q81: February 4 2024 | R81: February 4 2024 | S81: 45326 | T81: PASS | U81: 45326 | V81: February | W81: 2024 | X81: Q1 | Y81: Sunday | Z81: 13.7 hrs | AA81: 13.7 | AB81: {=_xlfn.LET(_xlpm.x,IFERROR(VALUE(Table2[[#This Row],[Response_Time_Hours]]),""),IF(_xlpm.x="","CHECK",_xlfn.IFS(_xlpm.x<=1,"Immediate",_xlpm.x<=6,"Fast",_xlpm.x<=24,"Moderate",_xlpm.x>24,"Delayed")))} -> Moderate | AC81: 38 | AD81: {=IF(Table2[[#This Row],[Interaction_Count_Final]]="","N/A",_xlfn.IFS(Table2[[#This Row],[Interaction_Count_Final]]<=2,"Low",Table2[[#This Row],[Interaction_Count_Final]]<=5,"Medium",Table2[[#This Row],[Interaction_Count_Final]]>=6,"High",TRUE,"CHECK"))} -> High | AE81: High | AF81: TRUE | AG81: TRUE | AH81: 105 | AI81: 45326 | AJ81: TRUE | AK81: {=_xlfn.LET( _xlpm.txt,TRIM(Raw_Data!F81), _xlpm.norm,SUBSTITUTE(SUBSTITUTE(_xlpm.txt,"-","/"),".","/"), _xlpm.p,_xlfn.TEXTSPLIT(_xlpm.norm,"/"), _xlpm.a,VALUE(INDEX(_xlpm.p,1)), _xlpm.b,VALUE(INDEX(_xlpm.p,2)), IF(AND(_xlpm.a<=12,_xlpm.b<=12),"REVIEW_AMBIGUOUS","OK") )} -> #REF!
A82: CL-1096 | B82: CL-1096 | C82: FALSE | D82: KEEP | E82: Client_1096 | F82: Client_1096 | G82: A Leading Utility Company | H82: Alor Setar | I82: Alor Setar | J82: Alor Setar | K82: NEW | L82: NEW | M82: =IF(UPPER(TRIM(Table2[[#This Row],[Status_Clean]]))="CONVERTED",1,0) -> 0 | N82: =IF(ISNUMBER(MATCH(UPPER(TRIM(Table2[[#This Row],[Status_Clean]])),{"CONTACTED","QUALIFIED","CONVERTED"},0)),1,0) -> 0 | O82: {=_xlfn.SWITCH(UPPER(TRIM(Table2[[#This Row],[Status_Clean]])),"NEW",1,"CONTACTED",2,"QUALIFIED",3,"CONVERTED",4,"LOST",5,99)} -> 1 | P82: 45423 | Q82: 11/05/2024 | R82: 11/05/2024 | S82: 45423 | T82: PASS | U82: 45423 | V82: May | W82: 2024 | X82: Q2 | Y82: Saturday | Z82: 11.4 | AA82: 11.4 | AB82: {=_xlfn.LET(_xlpm.x,IFERROR(VALUE(Table2[[#This Row],[Response_Time_Hours]]),""),IF(_xlpm.x="","CHECK",_xlfn.IFS(_xlpm.x<=1,"Immediate",_xlpm.x<=6,"Fast",_xlpm.x<=24,"Moderate",_xlpm.x>24,"Delayed")))} -> Moderate | AC82: 16 | AD82: {=IF(Table2[[#This Row],[Interaction_Count_Final]]="","N/A",_xlfn.IFS(Table2[[#This Row],[Interaction_Count_Final]]<=2,"Low",Table2[[#This Row],[Interaction_Count_Final]]<=5,"Medium",Table2[[#This Row],[Interaction_Count_Final]]>=6,"High",TRUE,"CHECK"))} -> High | AE82: Low | AF82: TRUE | AG82: TRUE | AH82: 106 | AI82: 45423 | AJ82: TRUE | AK82: {=_xlfn.LET( _xlpm.txt,TRIM(Raw_Data!F82), _xlpm.norm,SUBSTITUTE(SUBSTITUTE(_xlpm.txt,"-","/"),".","/"), _xlpm.p,_xlfn.TEXTSPLIT(_xlpm.norm,"/"), _xlpm.a,VALUE(INDEX(_xlpm.p,1)), _xlpm.b,VALUE(INDEX(_xlpm.p,2)), IF(AND(_xlpm.a<=12,_xlpm.b<=12),"REVIEW_AMBIGUOUS","OK") )} -> #REF!
A83: CL-2200 | B83: CL-2200 | C83: FALSE | D83: KEEP | E83: Client_2200 | F83: Client_2200 | G83: A Leading Utility Company | H83: Seremban | I83: Seremban | J83: Seremban | K83: CONTACTD | L83: CONTACTED | M83: =IF(UPPER(TRIM(Table2[[#This Row],[Status_Clean]]))="CONVERTED",1,0) -> 0 | N83: =IF(ISNUMBER(MATCH(UPPER(TRIM(Table2[[#This Row],[Status_Clean]])),{"CONTACTED","QUALIFIED","CONVERTED"},0)),1,0) -> 1 | O83: {=_xlfn.SWITCH(UPPER(TRIM(Table2[[#This Row],[Status_Clean]])),"NEW",1,"CONTACTED",2,"QUALIFIED",3,"CONVERTED",4,"LOST",5,99)} -> 2 | P83: 45462 | Q83: 19/06/2024 | R83: 19/06/2024 | S83: 45462 | T83: PASS | U83: 45462 | V83: June | W83: 2024 | X83: Q2 | Y83: Wednesday | Z83: 34 | AA83: 34 | AB83: {=_xlfn.LET(_xlpm.x,IFERROR(VALUE(Table2[[#This Row],[Response_Time_Hours]]),""),IF(_xlpm.x="","CHECK",_xlfn.IFS(_xlpm.x<=1,"Immediate",_xlpm.x<=6,"Fast",_xlpm.x<=24,"Moderate",_xlpm.x>24,"Delayed")))} -> Delayed | AC83: 30 | AD83: {=IF(Table2[[#This Row],[Interaction_Count_Final]]="","N/A",_xlfn.IFS(Table2[[#This Row],[Interaction_Count_Final]]<=2,"Low",Table2[[#This Row],[Interaction_Count_Final]]<=5,"Medium",Table2[[#This Row],[Interaction_Count_Final]]>=6,"High",TRUE,"CHECK"))} -> High | AE83: Low | AF83: TRUE | AG83: TRUE | AH83: 108 | AI83: 45462 | AJ83: TRUE | AK83: {=_xlfn.LET( _xlpm.txt,TRIM(Raw_Data!F83), _xlpm.norm,SUBSTITUTE(SUBSTITUTE(_xlpm.txt,"-","/"),".","/"), _xlpm.p,_xlfn.TEXTSPLIT(_xlpm.norm,"/"), _xlpm.a,VALUE(INDEX(_xlpm.p,1)), _xlpm.b,VALUE(INDEX(_xlpm.p,2)), IF(AND(_xlpm.a<=12,_xlpm.b<=12),"REVIEW_AMBIGUOUS","OK") )} -> #REF!
A84: CL-1147 | B84: CL-1147 | C84: FALSE | D84: KEEP | E84: Client_1147 | F84: Client_1147 | G84: A Private Manufacturing Enterprise | H84: Alor Setar | I84: Alor Setar | J84: Alor Setar | K84: CONTACTED | L84: CONTACTED | M84: =IF(UPPER(TRIM(Table2[[#This Row],[Status_Clean]]))="CONVERTED",1,0) -> 0 | N84: =IF(ISNUMBER(MATCH(UPPER(TRIM(Table2[[#This Row],[Status_Clean]])),{"CONTACTED","QUALIFIED","CONVERTED"},0)),1,0) -> 1 | O84: {=_xlfn.SWITCH(UPPER(TRIM(Table2[[#This Row],[Status_Clean]])),"NEW",1,"CONTACTED",2,"QUALIFIED",3,"CONVERTED",4,"LOST",5,99)} -> 2 | P84: 45444 | Q84: 01/06/2024 | R84: 01/06/2024 | S84: 45444 | T84: PASS | U84: 45444 | V84: June | W84: 2024 | X84: Q2 | Y84: Saturday | Z84: 6.0 hours | AA84: 6 | AB84: {=_xlfn.LET(_xlpm.x,IFERROR(VALUE(Table2[[#This Row],[Response_Time_Hours]]),""),IF(_xlpm.x="","CHECK",_xlfn.IFS(_xlpm.x<=1,"Immediate",_xlpm.x<=6,"Fast",_xlpm.x<=24,"Moderate",_xlpm.x>24,"Delayed")))} -> Fast | AC84: 39 | AD84: {=IF(Table2[[#This Row],[Interaction_Count_Final]]="","N/A",_xlfn.IFS(Table2[[#This Row],[Interaction_Count_Final]]<=2,"Low",Table2[[#This Row],[Interaction_Count_Final]]<=5,"Medium",Table2[[#This Row],[Interaction_Count_Final]]>=6,"High",TRUE,"CHECK"))} -> High | AE84: Medium | AF84: TRUE | AG84: TRUE | AH84: 109 | AI84: 45444 | AJ84: TRUE | AK84: {=_xlfn.LET( _xlpm.txt,TRIM(Raw_Data!F84), _xlpm.norm,SUBSTITUTE(SUBSTITUTE(_xlpm.txt,"-","/"),".","/"), _xlpm.p,_xlfn.TEXTSPLIT(_xlpm.norm,"/"), _xlpm.a,VALUE(INDEX(_xlpm.p,1)), _xlpm.b,VALUE(INDEX(_xlpm.p,2)), IF(AND(_xlpm.a<=12,_xlpm.b<=12),"REVIEW_AMBIGUOUS","OK") )} -> #REF!
A85: CL-1938 | B85: CL-1938 | C85: FALSE | D85: KEEP | E85: Client_1938 | F85: Client_1938 | G85: A Government Service Provider | H85: Subang Jaa | I85: Subang Jaa | J85: Subang Jaya | K85: CONTACTED | L85: CONTACTED | M85: =IF(UPPER(TRIM(Table2[[#This Row],[Status_Clean]]))="CONVERTED",1,0) -> 0 | N85: =IF(ISNUMBER(MATCH(UPPER(TRIM(Table2[[#This Row],[Status_Clean]])),{"CONTACTED","QUALIFIED","CONVERTED"},0)),1,0) -> 1 | O85: {=_xlfn.SWITCH(UPPER(TRIM(Table2[[#This Row],[Status_Clean]])),"NEW",1,"CONTACTED",2,"QUALIFIED",3,"CONVERTED",4,"LOST",5,99)} -> 2 | P85: November 30, 2024 | Q85: November 30 2024 | R85: November 30 2024 | S85: 45626 | T85: PASS | U85: 45626 | V85: November | W85: 2024 | X85: Q4 | Y85: Saturday | Z85: 40.5 hrs | AA85: 40.5 | AB85: {=_xlfn.LET(_xlpm.x,IFERROR(VALUE(Table2[[#This Row],[Response_Time_Hours]]),""),IF(_xlpm.x="","CHECK",_xlfn.IFS(_xlpm.x<=1,"Immediate",_xlpm.x<=6,"Fast",_xlpm.x<=24,"Moderate",_xlpm.x>24,"Delayed")))} -> Delayed | AC85: 47 | AD85: {=IF(Table2[[#This Row],[Interaction_Count_Final]]="","N/A",_xlfn.IFS(Table2[[#This Row],[Interaction_Count_Final]]<=2,"Low",Table2[[#This Row],[Interaction_Count_Final]]<=5,"Medium",Table2[[#This Row],[Interaction_Count_Final]]>=6,"High",TRUE,"CHECK"))} -> High | AE85: High | AF85: TRUE | AG85: TRUE | AH85: 110 | AI85: 45626 | AJ85: TRUE | AK85: {=_xlfn.LET( _xlpm.txt,TRIM(Raw_Data!F85), _xlpm.norm,SUBSTITUTE(SUBSTITUTE(_xlpm.txt,"-","/"),".","/"), _xlpm.p,_xlfn.TEXTSPLIT(_xlpm.norm,"/"), _xlpm.a,VALUE(INDEX(_xlpm.p,1)), _xlpm.b,VALUE(INDEX(_xlpm.p,2)), IF(AND(_xlpm.a<=12,_xlpm.b<=12),"REVIEW_AMBIGUOUS","OK") )} -> #REF!
A86: CL-2161 | B86: CL-2161 | C86: FALSE | D86: KEEP | E86: Client_2161 | F86: Client_2161 | G86: A Regional Financial Institution | H86: Klang | I86: Klang | J86: Klang | K86: QUALIFIED | L86: QUALIFIED | M86: =IF(UPPER(TRIM(Table2[[#This Row],[Status_Clean]]))="CONVERTED",1,0) -> 0 | N86: =IF(ISNUMBER(MATCH(UPPER(TRIM(Table2[[#This Row],[Status_Clean]])),{"CONTACTED","QUALIFIED","CONVERTED"},0)),1,0) -> 1 | O86: {=_xlfn.SWITCH(UPPER(TRIM(Table2[[#This Row],[Status_Clean]])),"NEW",1,"CONTACTED",2,"QUALIFIED",3,"CONVERTED",4,"LOST",5,99)} -> 3 | P86: 45167 | Q86: 29/08/2023 | R86: 29/08/2023 | S86: 45167 | T86: PASS | U86: 45167 | V86: August | W86: 2023 | X86: Q3 | Y86: Tuesday | Z86: 67 | AA86: 67 | AB86: {=_xlfn.LET(_xlpm.x,IFERROR(VALUE(Table2[[#This Row],[Response_Time_Hours]]),""),IF(_xlpm.x="","CHECK",_xlfn.IFS(_xlpm.x<=1,"Immediate",_xlpm.x<=6,"Fast",_xlpm.x<=24,"Moderate",_xlpm.x>24,"Delayed")))} -> Delayed | AC86: 44 | AD86: {=IF(Table2[[#This Row],[Interaction_Count_Final]]="","N/A",_xlfn.IFS(Table2[[#This Row],[Interaction_Count_Final]]<=2,"Low",Table2[[#This Row],[Interaction_Count_Final]]<=5,"Medium",Table2[[#This Row],[Interaction_Count_Final]]>=6,"High",TRUE,"CHECK"))} -> High | AE86: Medium | AF86: TRUE | AG86: TRUE | AH86: 111 | AI86: 45167 | AJ86: TRUE | AK86: {=_xlfn.LET( _xlpm.txt,TRIM(Raw_Data!F86), _xlpm.norm,SUBSTITUTE(SUBSTITUTE(_xlpm.txt,"-","/"),".","/"), _xlpm.p,_xlfn.TEXTSPLIT(_xlpm.norm,"/"), _xlpm.a,VALUE(INDEX(_xlpm.p,1)), _xlpm.b,VALUE(INDEX(_xlpm.p,2)), IF(AND(_xlpm.a<=12,_xlpm.b<=12),"REVIEW_AMBIGUOUS","OK") )} -> #REF!
A87: CL-1133 | B87: CL-1133 | C87: FALSE | D87: KEEP | E87: Client_1133 | F87: Client_1133 | G87: A Major Telecommunications Provider | H87: Klanng | I87: Klanng | J87: Klang | K87: LOST | L87: LOST | M87: =IF(UPPER(TRIM(Table2[[#This Row],[Status_Clean]]))="CONVERTED",1,0) -> 0 | N87: =IF(ISNUMBER(MATCH(UPPER(TRIM(Table2[[#This Row],[Status_Clean]])),{"CONTACTED","QUALIFIED","CONVERTED"},0)),1,0) -> 0 | O87: {=_xlfn.SWITCH(UPPER(TRIM(Table2[[#This Row],[Status_Clean]])),"NEW",1,"CONTACTED",2,"QUALIFIED",3,"CONVERTED",4,"LOST",5,99)} -> 5 | P87: 45193 | Q87: 24/09/2023 | R87: 24/09/2023 | S87: 45193 | T87: PASS | U87: 45193 | V87: September | W87: 2023 | X87: Q3 | Y87: Sunday | Z87: 53.8 hrs | AA87: 53.8 | AB87: {=_xlfn.LET(_xlpm.x,IFERROR(VALUE(Table2[[#This Row],[Response_Time_Hours]]),""),IF(_xlpm.x="","CHECK",_xlfn.IFS(_xlpm.x<=1,"Immediate",_xlpm.x<=6,"Fast",_xlpm.x<=24,"Moderate",_xlpm.x>24,"Delayed")))} -> Delayed | AC87: 1 | AD87: {=IF(Table2[[#This Row],[Interaction_Count_Final]]="","N/A",_xlfn.IFS(Table2[[#This Row],[Interaction_Count_Final]]<=2,"Low",Table2[[#This Row],[Interaction_Count_Final]]<=5,"Medium",Table2[[#This Row],[Interaction_Count_Final]]>=6,"High",TRUE,"CHECK"))} -> Low | AE87: Medium | AF87: TRUE | AG87: TRUE | AH87: 112 | AI87: 45193 | AJ87: TRUE | AK87: {=_xlfn.LET( _xlpm.txt,TRIM(Raw_Data!F87), _xlpm.norm,SUBSTITUTE(SUBSTITUTE(_xlpm.txt,"-","/"),".","/"), _xlpm.p,_xlfn.TEXTSPLIT(_xlpm.norm,"/"), _xlpm.a,VALUE(INDEX(_xlpm.p,1)), _xlpm.b,VALUE(INDEX(_xlpm.p,2)), IF(AND(_xlpm.a<=12,_xlpm.b<=12),"REVIEW_AMBIGUOUS","OK") )} -> #REF!
A88: CL-0106 | B88: CL-0106 | C88: FALSE | D88: KEEP | E88: Client_106 | F88: Client_106 | G88: A Private Manufacturing Enterprise | H88: Petaling Jaya | I88: Petaling Jaya | J88: Petaling Jaya | K88: NEW | L88: NEW | M88: =IF(UPPER(TRIM(Table2[[#This Row],[Status_Clean]]))="CONVERTED",1,0) -> 0 | N88: =IF(ISNUMBER(MATCH(UPPER(TRIM(Table2[[#This Row],[Status_Clean]])),{"CONTACTED","QUALIFIED","CONVERTED"},0)),1,0) -> 0 | O88: {=_xlfn.SWITCH(UPPER(TRIM(Table2[[#This Row],[Status_Clean]])),"NEW",1,"CONTACTED",2,"QUALIFIED",3,"CONVERTED",4,"LOST",5,99)} -> 1 | P88: 45497 | Q88: 24/07/2024 | R88: 24/07/2024 | S88: 45497 | T88: PASS | U88: 45497 | V88: July | W88: 2024 | X88: Q3 | Y88: Wednesday | Z88: 0.1 days | AA88: 2.4 | AB88: {=_xlfn.LET(_xlpm.x,IFERROR(VALUE(Table2[[#This Row],[Response_Time_Hours]]),""),IF(_xlpm.x="","CHECK",_xlfn.IFS(_xlpm.x<=1,"Immediate",_xlpm.x<=6,"Fast",_xlpm.x<=24,"Moderate",_xlpm.x>24,"Delayed")))} -> Fast | AC88: 24 | AD88: {=IF(Table2[[#This Row],[Interaction_Count_Final]]="","N/A",_xlfn.IFS(Table2[[#This Row],[Interaction_Count_Final]]<=2,"Low",Table2[[#This Row],[Interaction_Count_Final]]<=5,"Medium",Table2[[#This Row],[Interaction_Count_Final]]>=6,"High",TRUE,"CHECK"))} -> High | AE88: Medium | AF88: TRUE | AG88: TRUE | AH88: 113 | AI88: 45497 | AJ88: TRUE | AK88: {=_xlfn.LET( _xlpm.txt,TRIM(Raw_Data!F88), _xlpm.norm,SUBSTITUTE(SUBSTITUTE(_xlpm.txt,"-","/"),".","/"), _xlpm.p,_xlfn.TEXTSPLIT(_xlpm.norm,"/"), _xlpm.a,VALUE(INDEX(_xlpm.p,1)), _xlpm.b,VALUE(INDEX(_xlpm.p,2)), IF(AND(_xlpm.a<=12,_xlpm.b<=12),"REVIEW_AMBIGUOUS","OK") )} -> #REF!
A89: CL-1803 | B89: CL-1803 | C89: FALSE | D89: KEEP | E89: Client_1803 | F89: Client_1803 | G89: A Government Service Provider | H89: Kuala Lumpur | I89: Kuala Lumpur | J89: Kuala Lumpur | K89: CONVERTED | L89: CONVERTED | M89: =IF(UPPER(TRIM(Table2[[#This Row],[Status_Clean]]))="CONVERTED",1,0) -> 1 | N89: =IF(ISNUMBER(MATCH(UPPER(TRIM(Table2[[#This Row],[Status_Clean]])),{"CONTACTED","QUALIFIED","CONVERTED"},0)),1,0) -> 1 | O89: {=_xlfn.SWITCH(UPPER(TRIM(Table2[[#This Row],[Status_Clean]])),"NEW",1,"CONTACTED",2,"QUALIFIED",3,"CONVERTED",4,"LOST",5,99)} -> 4 | P89: 12/19/24 | Q89: 12/19/24 | R89: 12/19/24 | S89: 45645 | T89: PASS | U89: 45645 | V89: December | W89: 2024 | X89: Q4 | Y89: Thursday | Z89: 27.9 hrs | AA89: 27.9 | AB89: {=_xlfn.LET(_xlpm.x,IFERROR(VALUE(Table2[[#This Row],[Response_Time_Hours]]),""),IF(_xlpm.x="","CHECK",_xlfn.IFS(_xlpm.x<=1,"Immediate",_xlpm.x<=6,"Fast",_xlpm.x<=24,"Moderate",_xlpm.x>24,"Delayed")))} -> Delayed | AC89: 40 | AD89: {=IF(Table2[[#This Row],[Interaction_Count_Final]]="","N/A",_xlfn.IFS(Table2[[#This Row],[Interaction_Count_Final]]<=2,"Low",Table2[[#This Row],[Interaction_Count_Final]]<=5,"Medium",Table2[[#This Row],[Interaction_Count_Final]]>=6,"High",TRUE,"CHECK"))} -> High | AE89: Medium | AF89: TRUE | AG89: TRUE | AH89: 114 | AI89: 45645 | AJ89: TRUE | AK89: {=_xlfn.LET( _xlpm.txt,TRIM(Raw_Data!F89), _xlpm.norm,SUBSTITUTE(SUBSTITUTE(_xlpm.txt,"-","/"),".","/"), _xlpm.p,_xlfn.TEXTSPLIT(_xlpm.norm,"/"), _xlpm.a,VALUE(INDEX(_xlpm.p,1)), _xlpm.b,VALUE(INDEX(_xlpm.p,2)), IF(AND(_xlpm.a<=12,_xlpm.b<=12),"REVIEW_AMBIGUOUS","OK") )} -> OK
A90: CL-1761 | B90: CL-1761 | C90: FALSE | D90: KEEP | E90: Client_1761 | F90: Client_1761 | G90: A Government Service Provider | H90: Jb | I90: Jb | J90: Johor Bahru | K90: NEW | L90: NEW | M90: =IF(UPPER(TRIM(Table2[[#This Row],[Status_Clean]]))="CONVERTED",1,0) -> 0 | N90: =IF(ISNUMBER(MATCH(UPPER(TRIM(Table2[[#This Row],[Status_Clean]])),{"CONTACTED","QUALIFIED","CONVERTED"},0)),1,0) -> 0 | O90: {=_xlfn.SWITCH(UPPER(TRIM(Table2[[#This Row],[Status_Clean]])),"NEW",1,"CONTACTED",2,"QUALIFIED",3,"CONVERTED",4,"LOST",5,99)} -> 1 | P90: 06-30-2023 | Q90: 06/30/2023 | R90: 06/30/2023 | S90: 45107 | T90: PASS | U90: 45107 | V90: June | W90: 2023 | X90: Q2 | Y90: Friday | Z90: 57 | AA90: 57 | AB90: {=_xlfn.LET(_xlpm.x,IFERROR(VALUE(Table2[[#This Row],[Response_Time_Hours]]),""),IF(_xlpm.x="","CHECK",_xlfn.IFS(_xlpm.x<=1,"Immediate",_xlpm.x<=6,"Fast",_xlpm.x<=24,"Moderate",_xlpm.x>24,"Delayed")))} -> Delayed | AC90: 34 | AD90: {=IF(Table2[[#This Row],[Interaction_Count_Final]]="","N/A",_xlfn.IFS(Table2[[#This Row],[Interaction_Count_Final]]<=2,"Low",Table2[[#This Row],[Interaction_Count_Final]]<=5,"Medium",Table2[[#This Row],[Interaction_Count_Final]]>=6,"High",TRUE,"CHECK"))} -> High | AE90: Medium | AF90: TRUE | AG90: TRUE | AH90: 115 | AI90: 45107 | AJ90: TRUE | AK90: {=_xlfn.LET( _xlpm.txt,TRIM(Raw_Data!F90), _xlpm.norm,SUBSTITUTE(SUBSTITUTE(_xlpm.txt,"-","/"),".","/"), _xlpm.p,_xlfn.TEXTSPLIT(_xlpm.norm,"/"), _xlpm.a,VALUE(INDEX(_xlpm.p,1)), _xlpm.b,VALUE(INDEX(_xlpm.p,2)), IF(AND(_xlpm.a<=12,_xlpm.b<=12),"REVIEW_AMBIGUOUS","OK") )} -> OK
A91: CL-1845 | B91: CL-1845 | C91: FALSE | D91: KEEP | E91: Client_1845 | F91: Client_1845 | G91: A Regional Financial Institution | H91: Cyberjaya | I91: Cyberjaya | J91: CyberJaya | K91: NEW | L91: NEW | M91: =IF(UPPER(TRIM(Table2[[#This Row],[Status_Clean]]))="CONVERTED",1,0) -> 0 | N91: =IF(ISNUMBER(MATCH(UPPER(TRIM(Table2[[#This Row],[Status_Clean]])),{"CONTACTED","QUALIFIED","CONVERTED"},0)),1,0) -> 0 | O91: {=_xlfn.SWITCH(UPPER(TRIM(Table2[[#This Row],[Status_Clean]])),"NEW",1,"CONTACTED",2,"QUALIFIED",3,"CONVERTED",4,"LOST",5,99)} -> 1 | P91: 45025 | Q91: 09/04/2023 | R91: 09/04/2023 | S91: 45025 | T91: PASS | U91: 45025 | V91: April | W91: 2023 | X91: Q2 | Y91: Sunday | Z91: 2.9 days | AA91: 69.6 | AB91: {=_xlfn.LET(_xlpm.x,IFERROR(VALUE(Table2[[#This Row],[Response_Time_Hours]]),""),IF(_xlpm.x="","CHECK",_xlfn.IFS(_xlpm.x<=1,"Immediate",_xlpm.x<=6,"Fast",_xlpm.x<=24,"Moderate",_xlpm.x>24,"Delayed")))} -> Delayed | AC91: 35 | AD91: {=IF(Table2[[#This Row],[Interaction_Count_Final]]="","N/A",_xlfn.IFS(Table2[[#This Row],[Interaction_Count_Final]]<=2,"Low",Table2[[#This Row],[Interaction_Count_Final]]<=5,"Medium",Table2[[#This Row],[Interaction_Count_Final]]>=6,"High",TRUE,"CHECK"))} -> High | AE91: High | AF91: TRUE | AG91: TRUE | AH91: 116 | AI91: 45025 | AJ91: TRUE | AK91: {=_xlfn.LET( _xlpm.txt,TRIM(Raw_Data!F91), _xlpm.norm,SUBSTITUTE(SUBSTITUTE(_xlpm.txt,"-","/"),".","/"), _xlpm.p,_xlfn.TEXTSPLIT(_xlpm.norm,"/"), _xlpm.a,VALUE(INDEX(_xlpm.p,1)), _xlpm.b,VALUE(INDEX(_xlpm.p,2)), IF(AND(_xlpm.a<=12,_xlpm.b<=12),"REVIEW_AMBIGUOUS","OK") )} -> #REF!
A92: CL-2820 | B92: CL-2820 | C92: FALSE | D92: KEEP | E92: Client_2820 | F92: Client_2820 | G92: A Leading Utility Company | H92: Klang | I92: Klang | J92: Klang | K92: CONTACTED | L92: CONTACTED | M92: =IF(UPPER(TRIM(Table2[[#This Row],[Status_Clean]]))="CONVERTED",1,0) -> 0 | N92: =IF(ISNUMBER(MATCH(UPPER(TRIM(Table2[[#This Row],[Status_Clean]])),{"CONTACTED","QUALIFIED","CONVERTED"},0)),1,0) -> 1 | O92: {=_xlfn.SWITCH(UPPER(TRIM(Table2[[#This Row],[Status_Clean]])),"NEW",1,"CONTACTED",2,"QUALIFIED",3,"CONVERTED",4,"LOST",5,99)} -> 2 | P92: 45230 | Q92: 31/10/2023 | R92: 31/10/2023 | S92: 45230 | T92: PASS | U92: 45230 | V92: October | W92: 2023 | X92: Q4 | Y92: Tuesday | Z92: 6 | AA92: 6 | AB92: {=_xlfn.LET(_xlpm.x,IFERROR(VALUE(Table2[[#This Row],[Response_Time_Hours]]),""),IF(_xlpm.x="","CHECK",_xlfn.IFS(_xlpm.x<=1,"Immediate",_xlpm.x<=6,"Fast",_xlpm.x<=24,"Moderate",_xlpm.x>24,"Delayed")))} -> Fast | AC92: 4 | AD92: {=IF(Table2[[#This Row],[Interaction_Count_Final]]="","N/A",_xlfn.IFS(Table2[[#This Row],[Interaction_Count_Final]]<=2,"Low",Table2[[#This Row],[Interaction_Count_Final]]<=5,"Medium",Table2[[#This Row],[Interaction_Count_Final]]>=6,"High",TRUE,"CHECK"))} -> Medium | AE92: High | AF92: TRUE | AG92: TRUE | AH92: 117 | AI92: 45230 | AJ92: TRUE | AK92: {=_xlfn.LET( _xlpm.txt,TRIM(Raw_Data!F92), _xlpm.norm,SUBSTITUTE(SUBSTITUTE(_xlpm.txt,"-","/"),".","/"), _xlpm.p,_xlfn.TEXTSPLIT(_xlpm.norm,"/"), _xlpm.a,VALUE(INDEX(_xlpm.p,1)), _xlpm.b,VALUE(INDEX(_xlpm.p,2)), IF(AND(_xlpm.a<=12,_xlpm.b<=12),"REVIEW_AMBIGUOUS","OK") )} -> #REF!
A93: CL-2670 | B93: CL-2670 | C93: FALSE | D93: KEEP | E93: Client_2670 | F93: Client_2670 | G93: A Regional Financial Institution | H93: Putrajaya | I93: Putrajaya | J93: Putrajaya | K93: CONVERTED | L93: CONVERTED | M93: =IF(UPPER(TRIM(Table2[[#This Row],[Status_Clean]]))="CONVERTED",1,0) -> 1 | N93: =IF(ISNUMBER(MATCH(UPPER(TRIM(Table2[[#This Row],[Status_Clean]])),{"CONTACTED","QUALIFIED","CONVERTED"},0)),1,0) -> 1 | O93: {=_xlfn.SWITCH(UPPER(TRIM(Table2[[#This Row],[Status_Clean]])),"NEW",1,"CONTACTED",2,"QUALIFIED",3,"CONVERTED",4,"LOST",5,99)} -> 4 | P93: 09.07.2024 | Q93: 09/07/2024 | R93: 09/07/2024 | S93: 45542 | T93: PASS | U93: 45542 | V93: September | W93: 2024 | X93: Q3 | Y93: Saturday | Z93: 46.7 hours | AA93: 46.7 | AB93: {=_xlfn.LET(_xlpm.x,IFERROR(VALUE(Table2[[#This Row],[Response_Time_Hours]]),""),IF(_xlpm.x="","CHECK",_xlfn.IFS(_xlpm.x<=1,"Immediate",_xlpm.x<=6,"Fast",_xlpm.x<=24,"Moderate",_xlpm.x>24,"Delayed")))} -> Delayed | AC93: 15 | AD93: {=IF(Table2[[#This Row],[Interaction_Count_Final]]="","N/A",_xlfn.IFS(Table2[[#This Row],[Interaction_Count_Final]]<=2,"Low",Table2[[#This Row],[Interaction_Count_Final]]<=5,"Medium",Table2[[#This Row],[Interaction_Count_Final]]>=6,"High",TRUE,"CHECK"))} -> High | AE93: Medium | AF93: TRUE | AG93: TRUE | AH93: 118 | AI93: 45542 | AJ93: TRUE | AK93: {=_xlfn.LET( _xlpm.txt,TRIM(Raw_Data!F93), _xlpm.norm,SUBSTITUTE(SUBSTITUTE(_xlpm.txt,"-","/"),".","/"), _xlpm.p,_xlfn.TEXTSPLIT(_xlpm.norm,"/"), _xlpm.a,VALUE(INDEX(_xlpm.p,1)), _xlpm.b,VALUE(INDEX(_xlpm.p,2)), IF(AND(_xlpm.a<=12,_xlpm.b<=12),"REVIEW_AMBIGUOUS","OK") )} -> REVIEW_AMBIGUOUS
A94: CL-1769 | B94: CL-1769 | C94: FALSE | D94: KEEP | E94: Client_1769 | F94: Client_1769 | G94: A Leading Utility Company | H94: Alor Setar | I94: Alor Setar | J94: Alor Setar | K94: CONTACTD | L94: CONTACTED | M94: =IF(UPPER(TRIM(Table2[[#This Row],[Status_Clean]]))="CONVERTED",1,0) -> 0 | N94: =IF(ISNUMBER(MATCH(UPPER(TRIM(Table2[[#This Row],[Status_Clean]])),{"CONTACTED","QUALIFIED","CONVERTED"},0)),1,0) -> 1 | O94: {=_xlfn.SWITCH(UPPER(TRIM(Table2[[#This Row],[Status_Clean]])),"NEW",1,"CONTACTED",2,"QUALIFIED",3,"CONVERTED",4,"LOST",5,99)} -> 2 | P94: 45277 | Q94: 17/12/2023 | R94: 17/12/2023 | S94: 45277 | T94: PASS | U94: 45277 | V94: December | W94: 2023 | X94: Q4 | Y94: Sunday | Z94: 11 | AA94: 11 | AB94: {=_xlfn.LET(_xlpm.x,IFERROR(VALUE(Table2[[#This Row],[Response_Time_Hours]]),""),IF(_xlpm.x="","CHECK",_xlfn.IFS(_xlpm.x<=1,"Immediate",_xlpm.x<=6,"Fast",_xlpm.x<=24,"Moderate",_xlpm.x>24,"Delayed")))} -> Moderate | AC94: 1 | AD94: {=IF(Table2[[#This Row],[Interaction_Count_Final]]="","N/A",_xlfn.IFS(Table2[[#This Row],[Interaction_Count_Final]]<=2,"Low",Table2[[#This Row],[Interaction_Count_Final]]<=5,"Medium",Table2[[#This Row],[Interaction_Count_Final]]>=6,"High",TRUE,"CHECK"))} -> Low | AE94: Low | AF94: TRUE | AG94: TRUE | AH94: 119 | AI94: 45277 | AJ94: TRUE | AK94: {=_xlfn.LET( _xlpm.txt,TRIM(Raw_Data!F94), _xlpm.norm,SUBSTITUTE(SUBSTITUTE(_xlpm.txt,"-","/"),".","/"), _xlpm.p,_xlfn.TEXTSPLIT(_xlpm.norm,"/"), _xlpm.a,VALUE(INDEX(_xlpm.p,1)), _xlpm.b,VALUE(INDEX(_xlpm.p,2)), IF(AND(_xlpm.a<=12,_xlpm.b<=12),"REVIEW_AMBIGUOUS","OK") )} -> #REF!
A95: CL-1849 | B95: CL-1849 | C95: FALSE | D95: KEEP | E95: Client_1849 | F95: Client_1849 | G95: A Private Manufacturing Enterprise | H95: Jb | I95: Jb | J95: Johor Bahru | K95: CONVERETED | L95: CONVERTED | M95: =IF(UPPER(TRIM(Table2[[#This Row],[Status_Clean]]))="CONVERTED",1,0) -> 1 | N95: =IF(ISNUMBER(MATCH(UPPER(TRIM(Table2[[#This Row],[Status_Clean]])),{"CONTACTED","QUALIFIED","CONVERTED"},0)),1,0) -> 1 | O95: {=_xlfn.SWITCH(UPPER(TRIM(Table2[[#This Row],[Status_Clean]])),"NEW",1,"CONTACTED",2,"QUALIFIED",3,"CONVERTED",4,"LOST",5,99)} -> 4 | P95: 45062 | Q95: 16/05/2023 | R95: 16/05/2023 | S95: 45062 | T95: PASS | U95: 45062 | V95: May | W95: 2023 | X95: Q2 | Y95: Tuesday | Z95: 16.7h | AA95: 16.7 | AB95: {=_xlfn.LET(_xlpm.x,IFERROR(VALUE(Table2[[#This Row],[Response_Time_Hours]]),""),IF(_xlpm.x="","CHECK",_xlfn.IFS(_xlpm.x<=1,"Immediate",_xlpm.x<=6,"Fast",_xlpm.x<=24,"Moderate",_xlpm.x>24,"Delayed")))} -> Moderate | AC95: 16 | AD95: {=IF(Table2[[#This Row],[Interaction_Count_Final]]="","N/A",_xlfn.IFS(Table2[[#This Row],[Interaction_Count_Final]]<=2,"Low",Table2[[#This Row],[Interaction_Count_Final]]<=5,"Medium",Table2[[#This Row],[Interaction_Count_Final]]>=6,"High",TRUE,"CHECK"))} -> High | AE95: Medium | AF95: TRUE | AG95: TRUE | AH95: 122 | AI95: 45062 | AJ95: TRUE | AK95: {=_xlfn.LET( _xlpm.txt,TRIM(Raw_Data!F95), _xlpm.norm,SUBSTITUTE(SUBSTITUTE(_xlpm.txt,"-","/"),".","/"), _xlpm.p,_xlfn.TEXTSPLIT(_xlpm.norm,"/"), _xlpm.a,VALUE(INDEX(_xlpm.p,1)), _xlpm.b,VALUE(INDEX(_xlpm.p,2)), IF(AND(_xlpm.a<=12,_xlpm.b<=12),"REVIEW_AMBIGUOUS","OK") )} -> #REF!
A96: CL-2246 | B96: CL-2246 | C96: FALSE | D96: KEEP | E96: Client_2246 | F96: Client_2246 | G96: A Private Manufacturing Enterprise | H96: Johor Bahru | I96: Johor Bahru | J96: Johor Bahru | K96: CONVERTED | L96: CONVERTED | M96: =IF(UPPER(TRIM(Table2[[#This Row],[Status_Clean]]))="CONVERTED",1,0) -> 1 | N96: =IF(ISNUMBER(MATCH(UPPER(TRIM(Table2[[#This Row],[Status_Clean]])),{"CONTACTED","QUALIFIED","CONVERTED"},0)),1,0) -> 1 | O96: {=_xlfn.SWITCH(UPPER(TRIM(Table2[[#This Row],[Status_Clean]])),"NEW",1,"CONTACTED",2,"QUALIFIED",3,"CONVERTED",4,"LOST",5,99)} -> 4 | P96: 45006 | Q96: 21/03/2023 | R96: 21/03/2023 | S96: 45006 | T96: PASS | U96: 45006 | V96: March | W96: 2023 | X96: Q1 | Y96: Tuesday | Z96: 63.6 hrs | AA96: 63.6 | AB96: {=_xlfn.LET(_xlpm.x,IFERROR(VALUE(Table2[[#This Row],[Response_Time_Hours]]),""),IF(_xlpm.x="","CHECK",_xlfn.IFS(_xlpm.x<=1,"Immediate",_xlpm.x<=6,"Fast",_xlpm.x<=24,"Moderate",_xlpm.x>24,"Delayed")))} -> Delayed | AC96: 18 | AD96: {=IF(Table2[[#This Row],[Interaction_Count_Final]]="","N/A",_xlfn.IFS(Table2[[#This Row],[Interaction_Count_Final]]<=2,"Low",Table2[[#This Row],[Interaction_Count_Final]]<=5,"Medium",Table2[[#This Row],[Interaction_Count_Final]]>=6,"High",TRUE,"CHECK"))} -> High | AE96: Medium | AF96: TRUE | AG96: TRUE | AH96: 123 | AI96: 45006 | AJ96: TRUE | AK96: {=_xlfn.LET( _xlpm.txt,TRIM(Raw_Data!F96), _xlpm.norm,SUBSTITUTE(SUBSTITUTE(_xlpm.txt,"-","/"),".","/"), _xlpm.p,_xlfn.TEXTSPLIT(_xlpm.norm,"/"), _xlpm.a,VALUE(INDEX(_xlpm.p,1)), _xlpm.b,VALUE(INDEX(_xlpm.p,2)), IF(AND(_xlpm.a<=12,_xlpm.b<=12),"REVIEW_AMBIGUOUS","OK") )} -> #REF!
A97: CL-1279 | B97: CL-1279 | C97: FALSE | D97: KEEP | E97: Client_1279 | F97: Client_1279 | G97: A Government Service Provider | H97: Subang Jaya | I97: Subang Jaya | J97: Subang Jaya | K97: LOST | L97: LOST | M97: =IF(UPPER(TRIM(Table2[[#This Row],[Status_Clean]]))="CONVERTED",1,0) -> 0 | N97: =IF(ISNUMBER(MATCH(UPPER(TRIM(Table2[[#This Row],[Status_Clean]])),{"CONTACTED","QUALIFIED","CONVERTED"},0)),1,0) -> 0 | O97: {=_xlfn.SWITCH(UPPER(TRIM(Table2[[#This Row],[Status_Clean]])),"NEW",1,"CONTACTED",2,"QUALIFIED",3,"CONVERTED",4,"LOST",5,99)} -> 5 | P97: 21.09.2024 | Q97: 21/09/2024 | R97: 21/09/2024 | S97: 45556 | T97: PASS | U97: 45556 | V97: September | W97: 2024 | X97: Q3 | Y97: Saturday | Z97: 2.3 days | AA97: 55.2 | AB97: {=_xlfn.LET(_xlpm.x,IFERROR(VALUE(Table2[[#This Row],[Response_Time_Hours]]),""),IF(_xlpm.x="","CHECK",_xlfn.IFS(_xlpm.x<=1,"Immediate",_xlpm.x<=6,"Fast",_xlpm.x<=24,"Moderate",_xlpm.x>24,"Delayed")))} -> Delayed | AC97: 41 | AD97: {=IF(Table2[[#This Row],[Interaction_Count_Final]]="","N/A",_xlfn.IFS(Table2[[#This Row],[Interaction_Count_Final]]<=2,"Low",Table2[[#This Row],[Interaction_Count_Final]]<=5,"Medium",Table2[[#This Row],[Interaction_Count_Final]]>=6,"High",TRUE,"CHECK"))} -> High | AE97: High | AF97: TRUE | AG97: TRUE | AH97: 124 | AI97: 45556 | AJ97: TRUE | AK97: {=_xlfn.LET( _xlpm.txt,TRIM(Raw_Data!F97), _xlpm.norm,SUBSTITUTE(SUBSTITUTE(_xlpm.txt,"-","/"),".","/"), _xlpm.p,_xlfn.TEXTSPLIT(_xlpm.norm,"/"), _xlpm.a,VALUE(INDEX(_xlpm.p,1)), _xlpm.b,VALUE(INDEX(_xlpm.p,2)), IF(AND(_xlpm.a<=12,_xlpm.b<=12),"REVIEW_AMBIGUOUS","OK") )} -> OK
A98: CL-1175 | B98: CL-1175 | C98: FALSE | D98: KEEP | E98: Client_1175 | F98: Client_1175 | G98: A Regional Financial Institution | H98: Kuching | I98: Kuching | J98: Kuching | K98: CONVERTED | L98: CONVERTED | M98: =IF(UPPER(TRIM(Table2[[#This Row],[Status_Clean]]))="CONVERTED",1,0) -> 1 | N98: =IF(ISNUMBER(MATCH(UPPER(TRIM(Table2[[#This Row],[Status_Clean]])),{"CONTACTED","QUALIFIED","CONVERTED"},0)),1,0) -> 1 | O98: {=_xlfn.SWITCH(UPPER(TRIM(Table2[[#This Row],[Status_Clean]])),"NEW",1,"CONTACTED",2,"QUALIFIED",3,"CONVERTED",4,"LOST",5,99)} -> 4 | P98: 8/23/23 | Q98: 8/23/23 | R98: 8/23/23 | S98: 45161 | T98: PASS | U98: 45161 | V98: August | W98: 2023 | X98: Q3 | Y98: Wednesday | Z98: 24.2 hrs | AA98: 24.2 | AB98: {=_xlfn.LET(_xlpm.x,IFERROR(VALUE(Table2[[#This Row],[Response_Time_Hours]]),""),IF(_xlpm.x="","CHECK",_xlfn.IFS(_xlpm.x<=1,"Immediate",_xlpm.x<=6,"Fast",_xlpm.x<=24,"Moderate",_xlpm.x>24,"Delayed")))} -> Delayed | AC98: 16 | AD98: {=IF(Table2[[#This Row],[Interaction_Count_Final]]="","N/A",_xlfn.IFS(Table2[[#This Row],[Interaction_Count_Final]]<=2,"Low",Table2[[#This Row],[Interaction_Count_Final]]<=5,"Medium",Table2[[#This Row],[Interaction_Count_Final]]>=6,"High",TRUE,"CHECK"))} -> High | AE98: High | AF98: TRUE | AG98: TRUE | AH98: 125 | AI98: 45161 | AJ98: TRUE | AK98: {=_xlfn.LET( _xlpm.txt,TRIM(Raw_Data!F98), _xlpm.norm,SUBSTITUTE(SUBSTITUTE(_xlpm.txt,"-","/"),".","/"), _xlpm.p,_xlfn.TEXTSPLIT(_xlpm.norm,"/"), _xlpm.a,VALUE(INDEX(_xlpm.p,1)), _xlpm.b,VALUE(INDEX(_xlpm.p,2)), IF(AND(_xlpm.a<=12,_xlpm.b<=12),"REVIEW_AMBIGUOUS","OK") )} -> OK
A99: CL-2900 | B99: CL-2900 | C99: FALSE | D99: KEEP | E99: Client_2900 | F99: Client_2900 | G99: A Regional Financial Institution | H99: Malacca | I99: Malacca | J99: Malaka | K99: LOST | L99: LOST | M99: =IF(UPPER(TRIM(Table2[[#This Row],[Status_Clean]]))="CONVERTED",1,0) -> 0 | N99: =IF(ISNUMBER(MATCH(UPPER(TRIM(Table2[[#This Row],[Status_Clean]])),{"CONTACTED","QUALIFIED","CONVERTED"},0)),1,0) -> 0 | O99: {=_xlfn.SWITCH(UPPER(TRIM(Table2[[#This Row],[Status_Clean]])),"NEW",1,"CONTACTED",2,"QUALIFIED",3,"CONVERTED",4,"LOST",5,99)} -> 5 | P99: 14.10.2023 | Q99: 14/10/2023 | R99: 14/10/2023 | S99: 45213 | T99: PASS | U99: 45213 | V99: October | W99: 2023 | X99: Q4 | Y99: Saturday | Z99: 27.8 hrs | AA99: 27.8 | AB99: {=_xlfn.LET(_xlpm.x,IFERROR(VALUE(Table2[[#This Row],[Response_Time_Hours]]),""),IF(_xlpm.x="","CHECK",_xlfn.IFS(_xlpm.x<=1,"Immediate",_xlpm.x<=6,"Fast",_xlpm.x<=24,"Moderate",_xlpm.x>24,"Delayed")))} -> Delayed | AC99: 5 | AD99: {=IF(Table2[[#This Row],[Interaction_Count_Final]]="","N/A",_xlfn.IFS(Table2[[#This Row],[Interaction_Count_Final]]<=2,"Low",Table2[[#This Row],[Interaction_Count_Final]]<=5,"Medium",Table2[[#This Row],[Interaction_Count_Final]]>=6,"High",TRUE,"CHECK"))} -> Medium | AE99: Low | AF99: TRUE | AG99: TRUE | AH99: 127 | AI99: 45213 | AJ99: TRUE | AK99: {=_xlfn.LET( _xlpm.txt,TRIM(Raw_Data!F99), _xlpm.norm,SUBSTITUTE(SUBSTITUTE(_xlpm.txt,"-","/"),".","/"), _xlpm.p,_xlfn.TEXTSPLIT(_xlpm.norm,"/"), _xlpm.a,VALUE(INDEX(_xlpm.p,1)), _xlpm.b,VALUE(INDEX(_xlpm.p,2)), IF(AND(_xlpm.a<=12,_xlpm.b<=12),"REVIEW_AMBIGUOUS","OK") )} -> OK
A100: CL-0164 | B100: CL-0164 | C100: FALSE | D100: KEEP | E100: Client_164 | F100: Client_164 | G100: A Regional Financial Institution | H100: Seremban | I100: Seremban | J100: Seremban | K100: CONTACTD | L100: CONTACTED | M100: =IF(UPPER(TRIM(Table2[[#This Row],[Status_Clean]]))="CONVERTED",1,0) -> 0 | N100: =IF(ISNUMBER(MATCH(UPPER(TRIM(Table2[[#This Row],[Status_Clean]])),{"CONTACTED","QUALIFIED","CONVERTED"},0)),1,0) -> 1 | O100: {=_xlfn.SWITCH(UPPER(TRIM(Table2[[#This Row],[Status_Clean]])),"NEW",1,"CONTACTED",2,"QUALIFIED",3,"CONVERTED",4,"LOST",5,99)} -> 2 | P100: 45598 | Q100: 02/11/2024 | R100: 02/11/2024 | S100: 45598 | T100: PASS | U100: 45598 | V100: November | W100: 2024 | X100: Q4 | Y100: Saturday | Z100: 26.8h | AA100: 26.8 | AB100: {=_xlfn.LET(_xlpm.x,IFERROR(VALUE(Table2[[#This Row],[Response_Time_Hours]]),""),IF(_xlpm.x="","CHECK",_xlfn.IFS(_xlpm.x<=1,"Immediate",_xlpm.x<=6,"Fast",_xlpm.x<=24,"Moderate",_xlpm.x>24,"Delayed")))} -> Delayed | AC100: 25 | AD100: {=IF(Table2[[#This Row],[Interaction_Count_Final]]="","N/A",_xlfn.IFS(Table2[[#This Row],[Interaction_Count_Final]]<=2,"Low",Table2[[#This Row],[Interaction_Count_Final]]<=5,"Medium",Table2[[#This Row],[Interaction_Count_Final]]>=6,"High",TRUE,"CHECK"))} -> High | AE100: Medium | AF100: TRUE | AG100: TRUE | AH100: 129 | AI100: 45598 | AJ100: TRUE | AK100: {=_xlfn.LET( _xlpm.txt,TRIM(Raw_Data!F100), _xlpm.norm,SUBSTITUTE(SUBSTITUTE(_xlpm.txt,"-","/"),".","/"), _xlpm.p,_xlfn.TEXTSPLIT(_xlpm.norm,"/"), _xlpm.a,VALUE(INDEX(_xlpm.p,1)), _xlpm.b,VALUE(INDEX(_xlpm.p,2)), IF(AND(_xlpm.a<=12,_xlpm.b<=12),"REVIEW_AMBIGUOUS","OK") )} -> #REF!
...

Sheet City_Mapping
A1: City | B1: Clean_City | D1: Wrong_Name | E1: Correct_Name
A2: Shah Alam | B2: Shah Alam | D2: Alor Setar | E2: Alor Setar
A3: Penang | B3: Penang | D3: Alor Setr | E3: Alor Setar
A4: PUTRAJAYA | B4: Putrajaya | D4: Cyber Jaya | E4: CyberJaya
A5: Seremban | B5: Seremban | D5: Cyberjaya | E5: CyberJaya
A6: Kota Kinabalu | B6: Kota Kinabalu | D6: Cyberjya | E6: CyberJaya
A7: Serembn | B7: Serembn | D7: Ipho | E7: Ipoh
A8: Petaling Jaya | B8: Petaling Jaya | D8: Ipoh | E8: Ipoh
A9: Johore Bahru | B9: Johore Bahru | D9: Jb | E9: Johor Bahru
A10: shah alam | B10: Shah Alam | D10: Johor | E10: Johor Bahru
A11: Kuala Lumpur | B11: Kuala Lumpur | D11: Johor Bahru | E11: Johor Bahru
A12: Kota Kinabalu | B12: Kota Kinabalu | D12: Johor Baru | E12: Johor Bahru
... A49: Kota Kinabalu | B49: Kota Kinabalu | D49: Subang Jya | E49: Subang Jaya
A50: Alor Setar | B50: Alor Setar
A51: seremban | B51: Seremban
A52: Kuala Lumpr | B52: Kuala Lumpr
A53: Subang Jaya | B53: Subang Jaya
A54: Penag | B54: Penag
A55: Klang | B55: Klang
A56: Shah Alam | B56: Shah Alam
A57: Sha Alam | B57: Sha Alam
A58: Malaka | B58: Malaka
A59: Subang Jaya | B59: Subang Jaya
A60: Kota Kinabalu | B60: Kota Kinabalu
A61: Petaling Jaya | B61: Petaling Jaya
... A3000: petaling jaya | B3000: Petaling Jaya

Sheet Status_Mapping
A1: Raw_Status (UPPER/TRIM) | C1: Wrong_Status | D1: Correct_Status
A2: =TRIM(UPPER(Table1[[#This Row],[Status]])) -> NW | C2: NW | D2: NEW
A3: =TRIM(UPPER(Table1[[#This Row],[Status]])) -> QUALIFIED | C3: QUALIFIED | D3: QUALIFIED
A4: =TRIM(UPPER(Table1[[#This Row],[Status]])) -> QUALIFIED | C4: CONTACTED | D4: CONTACTED
A5: =TRIM(UPPER(Table1[[#This Row],[Status]])) -> CONTACTD | C5: CONTACTD | D5: CONTACTED
A6: =TRIM(UPPER(Table1[[#This Row],[Status]])) -> NW | C6: CONCTACTED | D6: CONTACTED
A7: =TRIM(UPPER(Table1[[#This Row],[Status]])) -> NEW | C7: NEW | D7: NEW
A8: =TRIM(UPPER(Table1[[#This Row],[Status]])) -> CONTACTED | C8: LOST | D8: LOST
A9: =TRIM(UPPER(Table1[[#This Row],[Status]])) -> QUALIFIED | C9: CONVERTED | D9: CONVERTED
A10: =TRIM(UPPER(Table1[[#This Row],[Status]])) -> LOST | C10: QUALIFEID | D10: QUALIFIED
A11: =TRIM(UPPER(Table1[[#This Row],[Status]])) -> CONTACTED | C11: CONVERETED | D11: CONVERTED
A12: =TRIM(UPPER(Table1[[#This Row],[Status]])) -> CONCTACTED | C12: CONVETED | D12: CONVERTED
A13: =TRIM(UPPER(Table1[[#This Row],[Status]])) -> CONTACTED | C13: LOS | D13: LOST
A14: =TRIM(UPPER(Table1[[#This Row],[Status]])) -> CONTACTED | C14: QUALIFED | D14: QUALIFIED
A15: =TRIM(UPPER(Table1[[#This Row],[Status]])) -> NEW
A16: =TRIM(UPPER(Table1[[#This Row],[Status]])) -> LOST
A17: =TRIM(UPPER(Table1[[#This Row],[Status]])) -> CONTACTED
A18: =TRIM(UPPER(Table1[[#This Row],[Status]])) -> CONTACTED
A19: =TRIM(UPPER(Table1[[#This Row],[Status]])) -> QUALIFIED
A20: =TRIM(UPPER(Table1[[#This Row],[Status]])) -> QUALIFIED
A21: =TRIM(UPPER(Table1[[#This Row],[Status]])) -> QUALIFEID
A22: =TRIM(UPPER(Table1[[#This Row],[Status]])) -> CONVERTED
A23: =TRIM(UPPER(Table1[[#This Row],[Status]])) -> LOST
A24: =TRIM(UPPER(Table1[[#This Row],[Status]])) -> NEW
A25: =TRIM(UPPER(Table1[[#This Row],[Status]])) -> NEW
A26: =TRIM(UPPER(Table1[[#This Row],[Status]])) -> QUALIFIED
... A3000: =TRIM(UPPER(Table1[[#This Row],[Status]])) -> #VALUE!

Sheet QA_Checks
A1: QA Check | B1: Value
A2: Total rows | B2: =ROWS(tbl_CleanLeads[]) -> 2550
A3: Unique leads | B3: =COUNTA(_xlfn.UNIQUE(tbl_CleanLeads[Lead_ID_Fixed])) -> 2550
A4: Duplicate leads remaining | B4: =ROWS(tbl_CleanLeads[])-COUNTA(_xlfn.UNIQUE(tbl_CleanLeads[Lead_ID_Fixed])) -> 0
A5: Blank Lead IDs | B5: =COUNTBLANK(tbl_CleanLeads[Lead_ID_Fixed]) -> 0
A6: Blank dates | B6: =COUNTBLANK(tbl_CleanLeads[Lead_Date_Final]) -> 0
A7: Earliest date | B7: =MIN(tbl_CleanLeads[Lead_Date_Final]) -> 44927
A8: Latest date | B8: =MAX(tbl_CleanLeads[Lead_Date_Final]) -> 45657
A9: Status count | B9: =COUNTA(_xlfn.UNIQUE(tbl_CleanLeads[Status_Clean])) -> 5
A10: Negative response time | B10: =COUNTIF(tbl_CleanLeads[Response_Time_Hours],"<0") -> 0
A11: Error formulas | B11: {=SUMPRODUCT(--ISERROR(tbl_CleanLeads[]))} -> 0
A12: Final status | B12: =IF(AND(B3=2550,B5=0,B6=0,B7=0,B11=0,B12=0),"PASS - Ready for Analysis","CHECK - Fix Before Phase 3") -> 0

Sheet Response_Time_Mapping
A1: Raw Sample | B1: Pattern | C1: Conversion Logic
A2: 40.9h | B2: Ends with "h" | C2: VALUE(LEFT(txt,LEN(txt)-1))
A3: 17.3 hrs | B3: Contains "hrs" | C3: VALUE(SUBSTITUTE(txt," hrs",""))
A4: 61.4 hours | B4: Contains "hours" | C4: VALUE(SUBSTITUTE(txt," hours",""))
A5: 2.6 days | B5: Contains "days" | C5: VALUE(SUBSTITUTE(txt," days",""))*24
A6: 54.8 | B6: Plain number | C6: Assume hours

Sheet Profiling
A1: Check | B1: Formula / Method | C1: Result | D1: Description
A2: Total Rows | B2: =ROWS(Table1[Lead_ID]) | C2: 2999 | D2: Total records in dataset
A3: Unique Lead_IDs | B3: =COUNTA(UNIQUE(Table1[Lead_ID])) | C3: =COUNTA(_xlfn.UNIQUE(Raw_Data!A2:A2551)) -> 2550 | D3: Distinct lead identifiers after cleaning
A4: Duplicate Lead_IDs | B4: =COUNTIF($A$2:A2,A2)>1 → Filter TRUE | C4: 449 | D4: Flagged repeated IDs
A5: Missing per Column | B5: =COUNTBLANK(Table1[Lead_ID]) | C5: 0 | D5: No missing values detected
A6: Date Range (Lead_Date) | B6: Min/Max after parsing | C6: 2023-01-01 to 2024-12-31 | D6: Active leads across two years
A8: Column | B8: Unique Values per Column | C8: Result | D8: Insight
A9: Lead_ID | B9: =COUNTA(UNIQUE(Table1[Lead_ID])) | C9: 2550 | D9: Each lead uniquely identified
A10: Client_Name | B10: =COUNTA(UNIQUE(Table1[Client_Name])) | C10: 2550 | D10: Matches Lead_ID count consistent
A11: Company_Segment | B11: =COUNTA(UNIQUE(Table1[Company_Segment])) | C11: 5 | D11: Limited categories good segmentation
A12: City | B12: =COUNTA(UNIQUE(Table1[City])) | C12: 76 | D12: Diverse geographic spread
A13: Assigned_Agent | B13: =COUNTA(UNIQUE(Table1[Assigned_Agent])) | C13: 4 | D13: Small team handling leads
A14: Lead_Date | B14: =COUNTA(UNIQUE(Table1[Lead_Date])) | C14: 1497 | D14: Active leads across two years
A15: Status | B15: =COUNTA(UNIQUE(Table1[Status])) | C15: 23 | D15: Multiple lead stages tracked
A16: Response_Time | B16: =COUNTA(UNIQUE(Table1[Response_Time])) | C16: 1408 | D16: Varied response durations
A17: Interaction_Count | B17: =COUNTA(UNIQUE(Table1[Interaction_Count])) | C17: 76 | D17: Engagement diversity
A18: Target_Sales | B18: =COUNTA(UNIQUE(Table1[Target_Sales])) | C18: 2618 | D18: Distinct sales targets per lead

Sheet Stats_Optional

Sheet Pivot_Analysis
A1: Assigned_Agent | B1: (All) | D1: Lead_Year | E1: (All) | K1: Lead_Year | L1: (All)
A2: Lead_Year | B2: (All) | D2: Company_Segment | E2: (All) | K2: PT_Engagement_Level
A3: PT_Status_Distribution | D3: PT_Conversion_Funnel | L3: Status_Clean | M3: Values
A4: Status_Clean | B4: Count of Lead_ID_Fixed | D4: Stage_Order | E4: Status_Clean | F4: Count of Lead_ID_Fixed | L4: CONTACTED | N4: CONVERTED | P4: LOST | R4: NEW | T4: QUALIFIED | V4: Total Average of Target_Sales | W4: Total Count of Lead_ID_Fixed
A5: CONTACTED | B5: 703 | D5: 1 | E5: NEW | F5: 682 | K5: Engagement_Level | L5: Average of Target_Sales | M5: Count of Lead_ID_Fixed | N5: Average of Target_Sales | O5: Count of Lead_ID_Fixed | P5: Average of Target_Sales | Q5: Count of Lead_ID_Fixed | R5: Average of Target_Sales | S5: Count of Lead_ID_Fixed | T5: Average of Target_Sales | U5: Count of Lead_ID_Fixed
A6: NEW | B6: 682 | D6: 1 Total | F6: 682 | K6: High | L6: 2952.0969 | M6: 615 | N6: 3012.7679 | O6: 346 | P6: 3105.2472 | Q6: 225 | R6: 2952.481 | S6: 584 | T6: 3032.3077 | U6: 451 | V6: 2993.4523 | W6: 2221
A7: QUALIFIED | B7: 519 | D7: 2 | E7: CONTACTED | F7: 703 | K7: Low | L7: 2617.3272 | M7: 32 | N7: 2823.9006 | O7: 18 | P7: 3352.755 | Q7: 18 | R7: 3117.2491 | S7: 43 | T7: 3087.7954 | U7: 24 | V7: 2985.8005 | W7: 135
A8: CONVERTED | B8: 382 | D8: 2 Total | F8: 703 | K8: Medium | L8: 2897.3123 | M8: 56 | N8: 2465.5094 | O8: 18 | P8: 2901.7281 | Q8: 21 | R8: 2830.7416 | S8: 55 | T8: 2865.062 | U8: 44 | V8: 2831.5385 | W8: 194
A9: LOST | B9: 264 | D9: 3 | E9: QUALIFIED | F9: 519 | K9: Grand Total | L9: 2932.4944 | M9: 703 | N9: 2978.0813 | O9: 382 | P9: 3105.9337 | Q9: 264 | R9: 2953.0519 | S9: 682 | T9: 3020.6948 | U9: 519 | V9: 2980.7291 | W9: 2550
A10: Grand Total | B10: 2550 | D10: 3 Total | F10: 519
D11: 4 | E11: CONVERTED | F11: 382
D12: 4 Total | F12: 382 | K12: Lead_Year | L12: (All)
D13: 5 | E13: LOST | F13: 264 | K13: PT_Segment_Conversion
D14: 5 Total | F14: 264 | K14: Count of Lead_ID_Fixed | L14: Status_Clean
D15: Grand Total | F15: 2550 | K15: Company_Segment | L15: CONTACTED | M15: CONVERTED | N15: LOST | O15: NEW | P15: QUALIFIED | Q15: Grand Total
A16: Lead_Year | B16: (All) | K16: A Government Service Provider | L16: 144 | M16: 76 | N16: 61 | O16: 120 | P16: 105 | Q16: 506
A17: PT_City_Top10 | D17: Lead_Year | E17: (All) | K17: A Leading Utility Company | L17: 147 | M17: 88 | N17: 46 | O17: 122 | P17: 113 | Q17: 516
A18: City_Final | B18: Sum of Target_Sales | D18: PT_Response_Speed | K18: A Major Telecommunications Provider | L18: 135 | M18: 63 | N18: 59 | O18: 143 | P18: 103 | Q18: 503
A19: Alor Setar | B19: 515186.26 | D19: Count of Lead_ID_Fixed | E19: Status_Clean | K19: A Private Manufacturing Enterprise | L19: 154 | M19: 71 | N19: 46 | O19: 133 | P19: 104 | Q19: 508
A20: CyberJaya | B20: 540701.82 | D20: Response_Speed_Cat | E20: CONTACTED | F20: CONVERTED | G20: LOST | H20: NEW | I20: QUALIFIED | J20: Grand Total | K20: A Regional Financial Institution | L20: 123 | M20: 84 | N20: 52 | O20: 164 | P20: 94 | Q20: 517
A21: Ipoh | B21: 518874.12 | D21: Delayed | E21: 465 | F21: 241 | G21: 174 | H21: 465 | I21: 334 | J21: 1679 | K21: Grand Total | L21: 703 | M21: 382 | N21: 264 | O21: 682 | P21: 519 | Q21: 2550
A22: Johor Bahru | B22: 464181.89 | D22: Fast | E22: 44 | F22: 29 | G22: 20 | H22: 44 | I22: 34 | J22: 171
A23: Klang | B23: 524851.32 | D23: Immediate | E23: 5 | G23: 4 | H23: 5 | I23: 9 | J23: 23
A24: Kota Kinabalu | B24: 521975.85 | D24: Moderate | E24: 189 | F24: 112 | G24: 66 | H24: 168 | I24: 142 | J24: 677
A25: Kuala Lumpur | B25: 505405.68 | D25: Grand Total | E25: 703 | F25: 382 | G25: 264 | H25: 682 | I25: 519 | J25: 2550
A26: Kuching | B26: 555729.56
A27: Malaka | B27: 437365.73 | M27: Lead_Year | N27: (All)
A28: Penang | B28: 515385.69 | D28: Lead_Year | E28: (All) | M28: Company_Segment | N28: (All)
A29: Petaling Jaya | B29: 508639.29 | D29: Status_Clean | E29: (All) | M29: PT_Conversion_Funnel
A30: Putrajaya | B30: 538539.13 | D30: PT_Agent_Performance | M30: Status_Clean | N30: Count of Lead_ID_Fixed
A31: Seremban | B31: 447606.26 | D31: Assigned_Agent | E31: Sum of Target_Sales | M31: CONTACTED | N31: 703
A32: Shah Alam | B32: 520980.59 | D32: Agent_A | E32: 1810001.6 | M32: NEW | N32: 682
A33: Subang Jaya | B33: 485435.89 | D33: Agent_B | E33: 2055397.5 | M33: QUALIFIED | N33: 519
A34: Grand Total | B34: 7600859.1 | D34: Agent_C | E34: 1765652.6 | M34: CONVERTED | N34: 382
D35: Agent_D | E35: 1969807.4 | M35: LOST | N35: 264
D36: Grand Total | E36: 7600859.1 | M36: Grand Total | N36: 2550
A37: Assigned_Agent | B37: (All) | H37: Lead_Year | I37: (All)
A38: PT_Monthly_Trend | H38: PT_Weekday_Trend
A39: Lead_Month_No | B39: Lead_Year | C39: Lead_Month | D39: Count of Lead_ID_Fixed | E39: Average of Response_Time_Hours | F39: Sum of Target_Sales | H39: Lead_Weekday_No | I39: Lead_Weekday | J39: Average of Response_Time_Hours | K39: Count of Lead_ID_Fixed
A40: 1 | B40: 2023 | C40: January | D40: #VALUE! | H40: 1 | I40: Monday | J40: 38.260588 | K40: 340
B41: 2023 Total | H41: 1 Total | J41: 38.260588 | K41: 340
B42: 2024 | C42: January | H42: 2 | I42: Tuesday | J42: 38.235185 | K42: 378
B43: 2024 Total | H43: 2 Total | J43: 38.235185 | K43: 378
A44: 1 Total | H44: 3 | I44: Wednesday | J44: 33.01447 | K44: 387
A45: 2 | B45: 2023 | C45: February | H45: 3 Total | J45: 33.01447 | K45: 387
B46: 2023 Total | H46: 4 | I46: Thursday | J46: 34.570604 | K46: 381
B47: 2024 | C47: February | H47: 4 Total | J47: 34.570604 | K47: 381
B48: 2024 Total | H48: 5 | I48: Friday | J48: 36.98592 | K48: 348
A49: 2 Total | H49: 5 Total | J49: 36.98592 | K49: 348
A50: 3 | B50: 2023 | C50: March | H50: 6 | I50: Saturday | J50: 34.605292 | K50: 359
B51: 2023 Total | H51: 6 Total | J51: 34.605292 | K51: 359
B52: 2024 | C52: March | H52: 7 | I52: Sunday | J52: 36.354622 | K52: 357
B53: 2024 Total | H53: 7 Total | J53: 36.354622 | K53: 357
A54: 3 Total | H54: Grand Total | J54: 35.953922 | K54: 2550
A55: 4 | B55: 2023 | C55: April
B56: 2023 Total
B57: 2024 | C57: April
B58: 2024 Total
A59: 4 Total | D59: Lead_Year | E59: (All)
A60: 5 | B60: 2023 | C60: May | D60: PT_Engagement_Level
B61: 2023 Total | E61: Status_Clean | F61: Values
B62: 2024 | C62: May | E62: CONTACTED
B63: 2024 Total | D63: Engagement_Level | E63: Average of Target_Sales | F63: Count of Lead_ID_Fixed
A64: 5 Total | D64: High | E64: 2952.0969 | F64: 615
A65: 6 | B65: 2023 | C65: June | D65: Low | E65: 2617.3272 | F65: 32
B66: 2023 Total | D66: Medium | E66: 2897.3123 | F66: 56
B67: 2024 | C67: June | D67: Grand Total | E67: 2932.4944 | F67: 703
B68: 2024 Total
A69: 6 Total
A70: 7 | B70: 2023 | C70: July
B71: 2023 Total | D71: Lead_Year | E71: (All)
B72: 2024 | C72: July | D72: PT_Segment_Conversion
B73: 2024 Total | D73: Count of Lead_ID_Fixed | E73: Status_Clean
A74: 7 Total | D74: Company_Segment | E74: CONTACTED | F74: CONVERTED
A75: 8 | B75: 2023 | C75: August | D75: A Government Service Provider | E75: 144 | F75: 76
B76: 2023 Total | D76: A Leading Utility Company | E76: 147 | F76: 88
B77: 2024 | C77: August | D77: A Major Telecommunications Provider | E77: 135 | F77: 63
B78: 2024 Total | D78: A Private Manufacturing Enterprise | E78: 154 | F78: 71
A79: 8 Total | D79: A Regional Financial Institution | E79: 123 | F79: 84
A80: 9 | B80: 2023 | C80: September | D80: Grand Total | E80: 703 | F80: 382
B81: 2023 Total
B82: 2024 | C82: September
B83: 2024 Total
A84: 9 Total
A85: 10 | B85: 2023 | C85: October
B86: 2023 Total
B87: 2024 | C87: October
B88: 2024 Total
A89: 10 Total
A90: 11 | B90: 2023 | C90: November
B91: 2023 Total
B92: 2024 | C92: November
B93: 2024 Total
A94: 11 Total
A95: 12 | B95: 2023 | C95: December
B96: 2023 Total
B97: 2024 | C97: December
B98: 2024 Total
A99: 12 Total
A100: Grand Total

Sheet Dashboard_Calcs
A1: KPI | B1: Formula | C1: Interpretation | E1: Error Type | F1: Before Cleaning | G1: After Cleaning | H1: Notes
A2: Total Leads | B2: =ROWS(tbl_CleanLeads[]) -> 2550 | C2: Final deduplicated lead count | E2: Duplicate Lead IDs | F2: 449 | G2: 0 | H2: After keep-latest handling
A3: Unique Leads | B3: =COUNTA(_xlfn.UNIQUE(tbl_CleanLeads[Lead_ID_Fixed])) -> 2550 | C3: Should equal total leads | E3: Status variants outside standard 5 | F3: Count from profiling | G3: 0 | H3: After status mapping
A4: Engagement Rate | B4: =AVERAGE(tbl_CleanLeads[Is_Engaged]) -> 0.62901961 | C4: Share of leads contacted, qualified, or converted | E4: Invalid date values | F4: Count from Phase 1 date check | G4: 0 | H4: After parsing
A5: Conversion Rate | B5: =AVERAGE(tbl_CleanLeads[Is_Converted]) -> 0.14980392 | C5: Share of leads converted | E5: Response time text/unit inconsistencies | F5: Count from raw profiling | G5: 0 | H5: Converted to hours
A6: Avg Response Time | B6: =ROUNDUP(AVERAGE(tbl_CleanLeads[Response_Time_Hours]), 0) & " hrs" -> 36 hrs | C6: Operational speed | E6: Negative interaction counts | F6: 76 | G6: 0 | H6: Flagged/excluded or blanked
A7: Median Response Time | B7: =MEDIAN(tbl_CleanLeads[Response_Time_Hours]) -> 36 | C7: More robust response-time midpoint | E7: City typo variants | F7: Count from mapping table | G7: 0 unresolved | H7: After city mapping
A8: Delayed Response Rate | B8: =COUNTIF(tbl_CleanLeads[Response_Speed_Cat],"Delayed")/ROWS(tbl_CleanLeads[]) -> 0.65843137 | C8: Share of responses above 24 hours | E8: Percentage | F8: =IF(SUM(E2:E7)=0, 0, (SUM(E2:E7)-SUM(F2:F7))/SUM(E2:E7)) -> 0
A9: Total Target Sales | B9: =TEXT(SUM(tbl_CleanLeads[Target_Sales]), "$#,##0") -> $7,600,859 | C9: Total target value, not actual revenue
A10: Avg Target Sales | B10: =AVERAGE(tbl_CleanLeads[Target_Sales]) -> 2980.7291 | C10: Average target per lead
A11: Data Quality Resolution Rate | C11: Evidence of cleaning improvement
A13: Month | B13: Lead Count | C13: Converted Count | D13: Conversion Rate | F13: KPI Card | G13: Source | H13: Format | I13: Note
A14: January | B14: =COUNTIF(tbl_CleanLeads[Lead_Month],A14) -> 243 | C14: =COUNTIFS(tbl_CleanLeads[Lead_Month],A14,tbl_CleanLeads[Status_Clean],"CONVERTED") -> 36 | D14: =IFERROR(B14/C14,0) -> 6.75 | F14: Total Leads | G14: Dashboard_Calcs | H14: #,##0 | I14: Use deduplicated count
A15: February | B15: =COUNTIF(tbl_CleanLeads[Lead_Month],A15) -> 197 | C15: =COUNTIFS(tbl_CleanLeads[Lead_Month],A15,tbl_CleanLeads[Status_Clean],"CONVERTED") -> 31 | D15: =IFERROR(B15/C15,0) -> 6.3548387 | F15: Engagement Rate | G15: Dashboard_Calcs | H15: 0 | I15: Target: ≥60%
A16: March | B16: =COUNTIF(tbl_CleanLeads[Lead_Month],A16) -> 221 | C16: =COUNTIFS(tbl_CleanLeads[Lead_Month],A16,tbl_CleanLeads[Status_Clean],"CONVERTED") -> 35 | D16: =IFERROR(B16/C16,0) -> 6.3142857 | F16: Conversion Rate | G16: Dashboard_Calcs | H16: 0 | I16: Track only; no fixed target unless defined
A17: April | B17: =COUNTIF(tbl_CleanLeads[Lead_Month],A17) -> 224 | C17: =COUNTIFS(tbl_CleanLeads[Lead_Month],A17,tbl_CleanLeads[Status_Clean],"CONVERTED") -> 31 | D17: =IFERROR(B17/C17,0) -> 7.2258065 | F17: Avg Response Time | G17: Dashboard_Calcs | H17: 0.0 hrs | I17: Lower is better
A18: May | B18: =COUNTIF(tbl_CleanLeads[Lead_Month],A18) -> 206 | C18: =COUNTIFS(tbl_CleanLeads[Lead_Month],A18,tbl_CleanLeads[Status_Clean],"CONVERTED") -> 32 | D18: =IFERROR(B18/C18,0) -> 6.4375 | F18: Total Target Sales | G18: Dashboard_Calcs | H18: $#,##0 or RM#,##0 | I18: Label as target/potential value
A19: June | B19: =COUNTIF(tbl_CleanLeads[Lead_Month],A19) -> 219 | C19: =COUNTIFS(tbl_CleanLeads[Lead_Month],A19,tbl_CleanLeads[Status_Clean],"CONVERTED") -> 26 | D19: =IFERROR(B19/C19,0) -> 8.4230769
A20: July | B20: =COUNTIF(tbl_CleanLeads[Lead_Month],A20) -> 210 | C20: =COUNTIFS(tbl_CleanLeads[Lead_Month],A20,tbl_CleanLeads[Status_Clean],"CONVERTED") -> 24 | D20: =IFERROR(B20/C20,0) -> 8.75 | F20: Funnel Stage | G20: Lead Count
A21: August | B21: =COUNTIF(tbl_CleanLeads[Lead_Month],A21) -> 216 | C21: =COUNTIFS(tbl_CleanLeads[Lead_Month],A21,tbl_CleanLeads[Status_Clean],"CONVERTED") -> 35 | D21: =IFERROR(B21/C21,0) -> 6.1714286 | F21: NEW | G21: =COUNTIF(tbl_CleanLeads[Status_Clean],F21) -> 682
A22: September | B22: =COUNTIF(tbl_CleanLeads[Lead_Month],A22) -> 213 | C22: =COUNTIFS(tbl_CleanLeads[Lead_Month],A22,tbl_CleanLeads[Status_Clean],"CONVERTED") -> 33 | D22: =IFERROR(B22/C22,0) -> 6.4545455 | F22: CONTACTED | G22: =COUNTIF(tbl_CleanLeads[Status_Clean],F22) -> 703
A23: October | B23: =COUNTIF(tbl_CleanLeads[Lead_Month],A23) -> 218 | C23: =COUNTIFS(tbl_CleanLeads[Lead_Month],A23,tbl_CleanLeads[Status_Clean],"CONVERTED") -> 37 | D23: =IFERROR(B23/C23,0) -> 5.8918919 | F23: QUALIFIED | G23: =COUNTIF(tbl_CleanLeads[Status_Clean],F23) -> 519
A24: November | B24: =COUNTIF(tbl_CleanLeads[Lead_Month],A24) -> 176 | C24: =COUNTIFS(tbl_CleanLeads[Lead_Month],A24,tbl_CleanLeads[Status_Clean],"CONVERTED") -> 30 | D24: =IFERROR(B24/C24,0) -> 5.8666667 | F24: CONVERTED | G24: =COUNTIF(tbl_CleanLeads[Status_Clean],F24) -> 382
A25: December | B25: =COUNTIF(tbl_CleanLeads[Lead_Month],A25) -> 207 | C25: =COUNTIFS(tbl_CleanLeads[Lead_Month],A25,tbl_CleanLeads[Status_Clean],"CONVERTED") -> 32 | D25: =IFERROR(B25/C25,0) -> 6.46875 | F25: LOST | G25: =COUNTIF(tbl_CleanLeads[Status_Clean],F25) -> 264
A27: A | B27: B | C27: C
A28: Metric | B28: Value | C28: Status | D28: ="ok" -> ok | E28: =IF(B3>=60%,"GOOD",IF(B3>=50%,"WARNING","POOR")) -> GOOD
A29: Total Leads | B29: formula | C29: ="OK" -> OK | E29: Status
A30: Engagement Rate | B30: formula | C30: =IF(B4>=60%,"GOOD",IF(B4>=50%,"WARNING","POOR")) -> GOOD
A31: Conversion Rate | B31: formula | C31: ="TRACK" -> TRACK
A32: Avg Response Time | B32: formula | C32: =IF(B6<=6,"GOOD",IF(B6<=24,"WARNING","POOR")) -> POOR
A33: Total Target Sales | B33: formula | C33: ="OK" -> OK

Sheet Clean Data
